v15_84_1,1,1,Ottawa,http://dbpedia.org/resource/Ottawa
v15_84_1,1,2,"Coaldale, Alberta","http://dbpedia.org/resource/Coaldale,_Alberta"
v15_84_1,1,3,"Winnipeg, Manitoba",http://dbpedia.org/resource/Winnipeg
v15_84_1,1,4,"Charlottetown, Prince Edward Island",http://dbpedia.org/resource/Charlottetown
v15_84_1,1,5,Hvidovre,http://dbpedia.org/resource/Hvidovre_Municipality
v15_84_1,1,6,"Kronau, Saskatchewan",http://dbpedia.org/resource/Saskatchewan
v15_84_1,1,7,"Paoli, Pennsylvania","http://dbpedia.org/resource/Paoli,_Pennsylvania"
v15_84_1,1,8,Oslo,http://dbpedia.org/resource/Oslo
v15_84_1,1,9,Oslo,http://dbpedia.org/resource/Oslo
v15_84_1,1,10,"Regina, Saskatchewan","http://dbpedia.org/resource/Regina,_Saskatchewan"
v15_84_1,1,11,Winnipeg,http://dbpedia.org/resource/Winnipeg
v15_84_1,1,12,Granite Curling Club,http://dbpedia.org/resource/Granite_Curling_Club_(Winnipeg)
v15_84_1,1,13,"Regina, Saskatchewan","http://dbpedia.org/resource/Regina,_Saskatchewan"
v15_84_1,1,14,Karlstad,http://dbpedia.org/resource/Karlstad
v15_84_1,1,15,Thunder Bay,http://dbpedia.org/resource/Thunder_Bay
v15_84_1,1,16,"Aomori, Aomori",http://dbpedia.org/resource/Aomori_Prefecture
v15_84_1,1,17,"Milton, Ontario","http://dbpedia.org/resource/Milton,_Ontario"
v15_84_1,1,18,"Saskatoon, Saskatchewan",http://dbpedia.org/resource/Saskatoon
v15_84_1,1,19,"Kronau, Saskatchewan",http://dbpedia.org/resource/Saskatchewan
v15_84_1,1,20,Halifax Regional Municipality,"http://dbpedia.org/resource/Halifax,_Nova_Scotia"
v15_84_1,1,21,Korea,http://dbpedia.org/resource/Incheon
v15_84_1,1,22,Uiseong County,http://dbpedia.org/resource/Uiseong_County
v15_84_1,1,23,Charlottetown,http://dbpedia.org/resource/Charlottetown
v15_84_1,1,24,Alberta,"http://dbpedia.org/resource/Red_Deer,_Alberta"
v15_84_1,1,25,Calgary,http://dbpedia.org/resource/Calgary
v15_84_1,1,26,"Yellowknife, Northwest Territories",http://dbpedia.org/resource/Yellowknife
v15_84_1,1,27,East St. Paul,http://dbpedia.org/resource/St_Paul's_Cathedral
v15_84_1,1,28,"Sudbury, Ontario",http://dbpedia.org/resource/Greater_Sudbury
v15_84_1,1,29,Kelowna,http://dbpedia.org/resource/Kelowna
v15_84_1,1,30,"Halifax, Nova Scotia","http://dbpedia.org/resource/Halifax,_Nova_Scotia"
v15_84_1,1,31,"New Westminster, British Columbia",http://dbpedia.org/resource/New_Westminster
v15_84_1,1,32,"Lohja, Finland",http://dbpedia.org/resource/Lohja
v15_84_1,1,33,"Thunder Bay, Ontario",http://dbpedia.org/resource/Thunder_Bay
v15_84_1,1,34,"Truro, Nova Scotia","http://dbpedia.org/resource/Truro,_Nova_Scotia"
v15_84_1,1,35,Nanaimo,http://dbpedia.org/resource/British_Columbia
v15_84_1,1,36,Manitoba,http://dbpedia.org/resource/Manitoba
v15_84_1,1,37,"Woodstock, Ontario","http://dbpedia.org/resource/Woodstock,_Ontario"
v15_84_1,1,38,"Thornhill, Ontario","http://dbpedia.org/resource/Thornhill,_Ontario"
v15_84_1,1,39,"St. John's, Newfoundland and Labrador","http://dbpedia.org/resource/St._John's,_Newfoundland_and_Labrador"
v15_84_1,1,40,"Lower Sackville, Nova Scotia","http://dbpedia.org/resource/Lower_Sackville,_Nova_Scotia"
v15_84_1,1,41,Winnipeg,http://dbpedia.org/resource/Winnipeg
v15_84_1,1,42,"Regina, Saskatchewan","http://dbpedia.org/resource/Regina,_Saskatchewan"
v15_84_1,1,43,Hvidovre,http://dbpedia.org/resource/Hvidovre_Municipality
v15_84_1,1,44,"Duluth, Minnesota","http://dbpedia.org/resource/Duluth,_Minnesota"
v15_84_1,1,45,Chestermere,http://dbpedia.org/resource/Chestermere
v15_84_1,1,46,"Duluth, Minnesota","http://dbpedia.org/resource/Duluth,_Minnesota"
v15_84_1,1,47,Toronto,http://dbpedia.org/resource/Toronto
v15_84_1,1,48,"St. Paul, Minnesota","http://dbpedia.org/resource/Saint_Paul,_Minnesota"
v15_84_1,1,49,Saskatchewan,"http://dbpedia.org/resource/Regina,_Saskatchewan"
v15_84_1,1,50,Bemidji Curling Club,http://dbpedia.org/resource/Leaside_Curling_Club
v15_84_1,1,51,"Ingersoll, Ontario","http://dbpedia.org/resource/Ingersoll,_Ontario"
v15_84_1,1,52,"Oromocto, New Brunswick",http://dbpedia.org/resource/New_Brunswick
v15_84_1,1,53,"Calgary, Alberta",http://dbpedia.org/resource/Calgary
v15_84_1,1,54,Ottawa,http://dbpedia.org/resource/Ottawa
v15_84_1,1,55,"Coldwater, Ontario","http://dbpedia.org/resource/Coldwater,_Michigan"
v15_84_1,1,56,Brno,http://dbpedia.org/resource/Brno
v15_84_1,1,57,"Vernon, British Columbia","http://dbpedia.org/resource/Vernon,_British_Columbia"
v15_84_1,1,58,Granite Curling Club,http://dbpedia.org/resource/Granite_Curling_Club_(Winnipeg)
v15_84_1,1,59,Manitoba,http://dbpedia.org/resource/Manitoba
v15_84_1,1,60,Halifax Regional Municipality,"http://dbpedia.org/resource/Halifax,_Nova_Scotia"
v15_84_1,1,61,Brno,http://dbpedia.org/resource/Brno
v15_84_1,1,62,"Edmonton, Alberta",http://dbpedia.org/resource/Edmonton
v15_84_1,1,63,"St. Paul, Minnesota","http://dbpedia.org/resource/Saint_Paul,_Minnesota"
v15_84_1,1,64,"Edmonton, Alberta",http://dbpedia.org/resource/Edmonton
v15_84_1,1,65,Manitoba,http://dbpedia.org/resource/Manitoba
v15_84_1,1,66,Alberta,"http://dbpedia.org/resource/Red_Deer,_Alberta"
v15_84_1,1,67,"Dartmouth, Nova Scotia","http://dbpedia.org/resource/Halifax,_Nova_Scotia"
v15_84_1,1,68,Ottawa,http://dbpedia.org/resource/Ottawa
v15_84_1,1,69,"Duluth, Minnesota","http://dbpedia.org/resource/Duluth,_Minnesota"
v15_84_1,1,70,Denmark,http://dbpedia.org/resource/Copenhagen
v15_84_1,1,71,British Columbia,"http://dbpedia.org/resource/Victoria,_British_Columbia"
v15_84_1,1,72,Saint-Romuald,"http://dbpedia.org/resource/Saint-Romuald,_Quebec"
v15_84_1,1,73,"Blaine, Minnesota","http://dbpedia.org/resource/Blaine,_Minnesota"
v15_84_1,1,74,"Saint John, New Brunswick","http://dbpedia.org/resource/Saint_John,_New_Brunswick"
v15_84_1,1,75,Winnipeg,http://dbpedia.org/resource/Winnipeg
v15_84_1,1,76,Bemidji Curling Club,http://dbpedia.org/resource/Leaside_Curling_Club
v15_84_1,1,77,"Lohja, Finland",http://dbpedia.org/resource/Lohja
v15_84_1,1,78,"Chester, Nova Scotia","http://dbpedia.org/resource/Chester,_Nova_Scotia"
v15_84_1,1,79,"Winnipeg, Manitoba",http://dbpedia.org/resource/Winnipeg
v15_84_1,1,80,"Charlotte, North Carolina","http://dbpedia.org/resource/Charlotte,_North_Carolina"
v15_84_1,1,81,"St. John's, Newfoundland and Labrador","http://dbpedia.org/resource/St._John's,_Newfoundland_and_Labrador"
v15_84_1,1,82,Yellowknife,http://dbpedia.org/resource/Yellowknife
v15_84_1,1,83,Edmonton,http://dbpedia.org/resource/Edmonton
v15_84_1,1,84,Bemidji Curling Club,http://dbpedia.org/resource/Leaside_Curling_Club
v15_84_1,1,85,"Halifax, Nova Scotia","http://dbpedia.org/resource/Halifax,_Nova_Scotia"
v15_84_1,1,86,"Oromocto, New Brunswick",http://dbpedia.org/resource/New_Brunswick
v15_84_1,1,87,"Kelowna, British Columbia",http://dbpedia.org/resource/Kelowna
v15_84_1,1,88,Mississauga,http://dbpedia.org/resource/Mississauga
v15_84_1,1,89,Flims,http://dbpedia.org/resource/Flims
v15_84_1,1,90,Oslo,http://dbpedia.org/resource/Oslo
v15_84_1,1,91,Ottawa,http://dbpedia.org/resource/Ottawa
v15_84_1,1,92,Don Mills,http://dbpedia.org/resource/Don_Mills
v15_84_1,1,93,Denmark,http://dbpedia.org/resource/Copenhagen
v15_84_1,1,94,"St. John's, Newfoundland and Labrador","http://dbpedia.org/resource/St._John's,_Newfoundland_and_Labrador"
v15_84_1,1,95,"Halifax, Nova Scotia","http://dbpedia.org/resource/Halifax,_Nova_Scotia"
v15_84_1,1,96,"St. John's, Newfoundland and Labrador","http://dbpedia.org/resource/St._John's,_Newfoundland_and_Labrador"
v15_84_1,1,97,"Airdrie, Alberta","http://dbpedia.org/resource/Airdrie,_Alberta"
v15_84_1,1,98,"Irvington, New York","http://dbpedia.org/resource/Irvington,_New_York"
v15_84_1,1,99,Oslo,http://dbpedia.org/resource/Oslo
v15_84_1,1,100,"Sorel, Quebec",http://dbpedia.org/resource/Sorel-Tracy
v15_84_1,1,101,Aberdeen,http://dbpedia.org/resource/Aberdeen
v15_84_1,1,102,"Kingston, Ontario","http://dbpedia.org/resource/Kingston,_Ontario"
v15_84_1,1,103,"Coldwater, Ontario","http://dbpedia.org/resource/Coldwater,_Michigan"
v15_84_1,1,104,Cortina d'Ampezzo,http://dbpedia.org/resource/Cortina_d'Ampezzo
v15_84_1,1,105,Euijeongbu City,"http://dbpedia.org/resource/Calvert_City,_Kentucky"
v15_84_1,1,106,Calgary,http://dbpedia.org/resource/Calgary
v15_84_1,1,107,New Westminster,http://dbpedia.org/resource/New_Westminster
v15_84_1,1,108,"St. John's, Newfoundland and Labrador","http://dbpedia.org/resource/St._John's,_Newfoundland_and_Labrador"
v15_84_1,1,109,Flims,http://dbpedia.org/resource/Flims
v15_84_1,1,110,Oslo,http://dbpedia.org/resource/Oslo
v15_84_1,1,111,Inverness,http://dbpedia.org/resource/Inverness
v15_84_1,1,112,Moscow,http://dbpedia.org/resource/Moscow
v15_84_1,1,113,Pitlochry,http://dbpedia.org/resource/Pitlochry
v15_84_1,1,114,"Edmonton, Alberta",http://dbpedia.org/resource/Edmonton
v15_84_1,1,115,"Madison, Wisconsin","http://dbpedia.org/resource/Madison,_Wisconsin"
v15_84_1,1,116,Minnesota,"http://dbpedia.org/resource/Duluth,_Minnesota"
v15_84_1,1,117,Ottawa,http://dbpedia.org/resource/Ottawa
v15_84_1,1,118,Atat端rk University,http://dbpedia.org/resource/Atat端rk_University
v15_84_1,1,119,Moscow,http://dbpedia.org/resource/Moscow
v15_84_1,1,120,"Sault Ste. Marie, Ontario","http://dbpedia.org/resource/Sault_Ste._Marie,_Ontario"
v15_84_1,1,121,Cortina d'Ampezzo,http://dbpedia.org/resource/Cortina_d'Ampezzo
v15_84_1,1,122,"West St. Paul, Manitoba","http://dbpedia.org/resource/West_St._Paul,_Minnesota"
v15_84_1,1,123,Winnipeg,http://dbpedia.org/resource/Winnipeg
v15_84_1,1,124,"Madison, Wisconsin","http://dbpedia.org/resource/Madison,_Wisconsin"
v15_84_1,1,125,New Jersey,"http://dbpedia.org/resource/Newark,_New_Jersey"
v15_84_1,1,126,"Brampton, Ontario",http://dbpedia.org/resource/Brampton
v15_84_1,1,127,"Yellowknife, Northwest Territories",http://dbpedia.org/resource/Yellowknife
v15_84_1,1,128,Manitoba,http://dbpedia.org/resource/Manitoba
v15_84_1,1,129,Alberta,"http://dbpedia.org/resource/Red_Deer,_Alberta"
v15_84_1,1,130,Aberdeen,http://dbpedia.org/resource/Aberdeen
v15_84_1,1,131,"Saint John, New Brunswick","http://dbpedia.org/resource/Saint_John,_New_Brunswick"
v15_84_1,1,132,Winnipeg,http://dbpedia.org/resource/Winnipeg
v15_84_1,1,133,New Brunswick,"http://dbpedia.org/resource/Saint_John,_New_Brunswick"
v15_84_1,1,134,Ottawa,http://dbpedia.org/resource/Ottawa
v15_84_1,1,135,F端ssen,http://dbpedia.org/resource/F端ssen
v15_84_1,1,136,Edmonton,http://dbpedia.org/resource/Edmonton
v15_84_1,1,137,"Saskatoon, Saskatchewan",http://dbpedia.org/resource/Saskatoon
v15_84_1,1,138,"East St. Paul, Manitoba",http://dbpedia.org/resource/St_Paul's_Cathedral
v15_84_1,1,139,"Cookstown, Ontario",http://dbpedia.org/resource/Innisfil
v15_84_1,1,140,"Victoria, British Columbia","http://dbpedia.org/resource/Victoria,_British_Columbia"
v15_84_1,1,141,Greater Sudbury,http://dbpedia.org/resource/Greater_Sudbury
v15_84_1,1,142,"Ingersoll, Ontario","http://dbpedia.org/resource/Ingersoll,_Ontario"
v15_84_1,1,143,Ottawa,http://dbpedia.org/resource/Ottawa
v15_84_1,1,144,"Blaine, Minnesota","http://dbpedia.org/resource/Blaine,_Minnesota"
v15_84_1,1,145,"St. Paul, Minnesota","http://dbpedia.org/resource/Saint_Paul,_Minnesota"
v15_84_1,1,146,Germany,http://dbpedia.org/resource/Germany
v15_84_1,1,147,Calgary,http://dbpedia.org/resource/Calgary
v15_84_1,1,148,"Saskatoon, Saskatchewan",http://dbpedia.org/resource/Saskatoon
v15_84_1,1,149,Ontario,"http://dbpedia.org/resource/Windsor,_Ontario"
v15_84_1,1,150,"Truro, Nova Scotia","http://dbpedia.org/resource/Truro,_Nova_Scotia"
v15_84_1,1,151,"Halifax, Nova Scotia","http://dbpedia.org/resource/Halifax,_Nova_Scotia"
v15_84_1,1,152,"West St. Paul, Manitoba","http://dbpedia.org/resource/West_St._Paul,_Minnesota"
v15_84_1,1,153,Switzerland,http://dbpedia.org/resource/Geneva
v15_84_1,1,154,Scotland,http://dbpedia.org/resource/Glasgow
v15_84_1,1,155,Karlstad,http://dbpedia.org/resource/Karlstad
