"F1: 0.81188","Precision: 0.81188","Recall: 0.81188"
"Col","Row","Value","Submitted URI","Correct URI's"
"2","1","Dartmouth, Nova Scotia","http://dbpedia.org/resource/Halifax,_Nova_Scotia","http://dbpedia.org/resource/Dartmouth_ns http://dbpedia.org/resource/Dartmouth_Nova_Scotia http://dbpedia.org/resource/Dartmouth,_Nova_Scotia_(former_city) http://dbpedia.org/resource/Dartmouth,_NS http://dbpedia.org/resource/Dartmouth,_Nova_Scotia http://dbpedia.org/resource/Dartmouth,_Canada http://dbpedia.org/resource/Dartmouthians http://dbpedia.org/resource/Dartmouth,_ns"
"2","5","British Columbia","http://dbpedia.org/resource/Victoria,_British_Columbia","http://dbpedia.org/resource/Recreation_in_British_Columbia http://dbpedia.org/resource/British_Columbia_Boundaries_Act_1863 http://dbpedia.org/resource/British_Columbian http://dbpedia.org/resource/Colombie-Britannique http://dbpedia.org/resource/Brittish_columbia http://dbpedia.org/resource/Culture_of_British_Columbia http://dbpedia.org/resource/BC_Canada http://dbpedia.org/resource/British_Colombia http://dbpedia.org/resource/British_Columbia,_Canada http://dbpedia.org/resource/British_Columbia http://dbpedia.org/resource/CA-BC http://dbpedia.org/resource/British_columbia http://dbpedia.org/resource/BCer http://dbpedia.org/resource/Brtish_Columbia http://dbpedia.org/resource/La_Colombie-Britannique http://dbpedia.org/resource/Ecology_of_British_Columbia http://dbpedia.org/resource/Pacific_Canada http://dbpedia.org/resource/BC,_Canada http://dbpedia.org/resource/Columbia_Británica http://dbpedia.org/resource/Province_of_British_Columbia"
"2","10","Bemidji Curling Club","http://dbpedia.org/resource/Leaside_Curling_Club","http://dbpedia.org/resource/Bemidji_Curling_Club"
"2","15","Charlotte, North Carolina","http://dbpedia.org/resource/North_Carolina","http://dbpedia.org/resource/Government_of_Charlotte,_North_Carolina http://dbpedia.org/resource/UN/LOCODE:USNCH http://dbpedia.org/resource/Charlotte_nc http://dbpedia.org/resource/Charlotte http://dbpedia.org/resource/Charlotte-Mecklenburg,_North_Carolina http://dbpedia.org/resource/Providence_Chrisian_School_(Charlotte) http://dbpedia.org/resource/Climate_of_Charlotte,_NC http://dbpedia.org/resource/City_of_Charlotte http://dbpedia.org/resource/History_of_Charlotte,_North_Carolina http://dbpedia.org/resource/Charlotte,_USA http://dbpedia.org/resource/North_Charlotte,_North_Carolina http://dbpedia.org/resource/Charlote http://dbpedia.org/resource/Charlette http://dbpedia.org/resource/Charlotte_(NC) http://dbpedia.org/resource/Charlotte,_NC http://dbpedia.org/resource/Charlotte,_nc http://dbpedia.org/resource/List_of_hospitals_in_Charlotte,_North_Carolina http://dbpedia.org/resource/Providence_Christian_School,_Charlotte http://dbpedia.org/resource/Charlotte_Zoo http://dbpedia.org/resource/Charlotte_-_Mecklenburg,_North_Carolina http://dbpedia.org/resource/Climate_in_Charlotte http://dbpedia.org/resource/Charlotte,_United_States http://dbpedia.org/resource/UN/LOCODE:USCLT http://dbpedia.org/resource/Charlotte,_N.C. http://dbpedia.org/resource/Charlotte,_North_Carolina http://dbpedia.org/resource/Climate_in_Charlotte,_North_Carolina http://dbpedia.org/resource/Charlotte,_N._C."
"2","18","Saville Sports Centre","http://dbpedia.org/resource/Crystal_Palace_National_Sports_Centre","http://dbpedia.org/resource/Saville_Centre http://dbpedia.org/resource/Saville_Sports_Centre http://dbpedia.org/resource/Saville_Community_Sports_Centre"
"2","19","Bemidji Curling Club","http://dbpedia.org/resource/Leaside_Curling_Club","http://dbpedia.org/resource/Bemidji_Curling_Club"
"2","21","Oromocto, New Brunswick","http://dbpedia.org/resource/New_Brunswick","http://dbpedia.org/resource/Oromocto http://dbpedia.org/resource/Oromocto,_New_Brunswick http://dbpedia.org/resource/Oromocto,_NB"
"2","36","Scotland","http://dbpedia.org/resource/Glasgow","http://dbpedia.org/resource/Scotland http://dbpedia.org/resource/Maps_of_scotland http://dbpedia.org/resource/Scotland,_UK http://dbpedia.org/resource/Scotlanders http://dbpedia.org/resource/Scot_Land http://dbpedia.org/resource/Scottland http://dbpedia.org/resource/Scottish_Nation http://dbpedia.org/resource/Communications_in_Scotland http://dbpedia.org/resource/United_Kingdom:_Scotland http://dbpedia.org/resource/Northern_Great_Britain http://dbpedia.org/resource/SCOTLAND http://dbpedia.org/resource/Scotia_minor http://dbpedia.org/resource/Scotchland http://dbpedia.org/resource/H-Alba http://dbpedia.org/resource/Scotland's http://dbpedia.org/resource/Autonomous_Province_of_Scotland http://dbpedia.org/resource/The_Scottish_Nation http://dbpedia.org/resource/East_coast_of_Scotland http://dbpedia.org/resource/North_of_Great_Britain http://dbpedia.org/resource/North_Great_Britain http://dbpedia.org/resource/Scotlander http://dbpedia.org/resource/Scottish_nation http://dbpedia.org/resource/Auld_Country"
"2","38","Coldwater, Ontario","http://dbpedia.org/resource/Coldwater,_Michigan","http://dbpedia.org/resource/Port_Stanton,_Ontario http://dbpedia.org/resource/Buckskin,_Ontario http://dbpedia.org/resource/Lovering,_Ontario http://dbpedia.org/resource/Wilson_Point,_Ontario http://dbpedia.org/resource/Cumberland_Beach,_Severn http://dbpedia.org/resource/Port_Severn,_Ontario http://dbpedia.org/resource/Ardtrea,_Ontario http://dbpedia.org/resource/Cumberland,_Severn http://dbpedia.org/resource/Happyland,_Ontario http://dbpedia.org/resource/Menoke_Beach,_Ontario http://dbpedia.org/resource/Burnside,_Ontario http://dbpedia.org/resource/Port_Severn,_ON http://dbpedia.org/resource/Uhthoff,_Ontario http://dbpedia.org/resource/Cumberland_Beach,_Ontario http://dbpedia.org/resource/Maple_Valley,_Severn,_Simcoe_County,_Ontario http://dbpedia.org/resource/Port_Severn http://dbpedia.org/resource/Hawkins_Corner,_Ontario http://dbpedia.org/resource/Amigo_Beach,_Ontario http://dbpedia.org/resource/Severn_Park,_Ontario http://dbpedia.org/resource/Port_Stanton http://dbpedia.org/resource/Fesserton,_Ontario http://dbpedia.org/resource/Carlyon,_Ontario http://dbpedia.org/resource/Hydro_Glen,_Ontario http://dbpedia.org/resource/Hampshire_Mills,_Ontario http://dbpedia.org/resource/Coldwater,_Ontario http://dbpedia.org/resource/Severn,_ON http://dbpedia.org/resource/Scarlet_Park,_Ontario http://dbpedia.org/resource/Marchmont,_Ontario http://dbpedia.org/resource/Mount_Stephen,_Ontario http://dbpedia.org/resource/Hamlet,_Ontario http://dbpedia.org/resource/Swift_Rapids,_Ontario http://dbpedia.org/resource/Mordolphin,_Ontario http://dbpedia.org/resource/Medonte,_Ontario http://dbpedia.org/resource/Buena_Vista_Park,_Ontario http://dbpedia.org/resource/Severn,_Ontario"
"2","40","Euijeongbu City","http://dbpedia.org/resource/Calvert_City,_Kentucky","http://dbpedia.org/resource/Uijongbu http://dbpedia.org/resource/Uijeongbu_City http://dbpedia.org/resource/Giseifu http://dbpedia.org/resource/Euijeongbu_City http://dbpedia.org/resource/Eujeongbu http://dbpedia.org/resource/Uijeongbu http://dbpedia.org/resource/Euijeongbu http://dbpedia.org/resource/Yizhengfu"
"2","51","Minnesota","http://dbpedia.org/resource/Duluth,_Minnesota","http://dbpedia.org/resource/Minessotta http://dbpedia.org/resource/Minnessota http://dbpedia.org/resource/Minn. http://dbpedia.org/resource/Religion_in_Minnesota http://dbpedia.org/resource/US-MN http://dbpedia.org/resource/The_U.S._state_of_Minnesota http://dbpedia.org/resource/Gopher_State http://dbpedia.org/resource/Minnesotta http://dbpedia.org/resource/Land_of_10,000_Lakes http://dbpedia.org/resource/Minesota http://dbpedia.org/resource/Minnesota,_US http://dbpedia.org/resource/Commissioner_of_the_Minnesota_Management_and_Budget_Office http://dbpedia.org/resource/Minesotta http://dbpedia.org/resource/Symbols_of_the_State_of_Minnesota http://dbpedia.org/resource/State_of_Minnesota http://dbpedia.org/resource/Thirty-second_State http://dbpedia.org/resource/Minnesota,_USA http://dbpedia.org/resource/Minnesota_(State) http://dbpedia.org/resource/The_North_Star_State http://dbpedia.org/resource/North_Star_State http://dbpedia.org/resource/State_symbols_of_Minnesota http://dbpedia.org/resource/10000_lakes http://dbpedia.org/resource/Bread_and_butter_state http://dbpedia.org/resource/Minnesota,_United_States_of_America http://dbpedia.org/resource/Minnesota_Commissioner_of_Labor_and_Industry http://dbpedia.org/resource/Minnestoa http://dbpedia.org/resource/Minnesota_(state) http://dbpedia.org/resource/The_US_state_of_Minnesota http://dbpedia.org/resource/Minnesoda http://dbpedia.org/resource/Minnesota,_U.S. http://dbpedia.org/resource/MInnesota http://dbpedia.org/resource/Minessota http://dbpedia.org/resource/Minnesota_(U.S._state) http://dbpedia.org/resource/Minnesnowta http://dbpedia.org/resource/The_Land_of_10,000_Lakes http://dbpedia.org/resource/Minnesota,_U.S.A. http://dbpedia.org/resource/Minnessotta http://dbpedia.org/resource/Minnisota http://dbpedia.org/resource/Minasota http://dbpedia.org/resource/32nd_State http://dbpedia.org/resource/Minnesota,_United_States http://dbpedia.org/resource/Minn http://dbpedia.org/resource/The_Land_of_Ten_Thousand_Lakes http://dbpedia.org/resource/Government_of_Minnesota http://dbpedia.org/resource/Minnesota http://dbpedia.org/resource/Minnasota http://dbpedia.org/resource/Minnesota,_America http://dbpedia.org/resource/MN_(state) http://dbpedia.org/resource/The_Gopher_State http://dbpedia.org/resource/The_state_of_Minnesota http://dbpedia.org/resource/Thirty-Second_State"
"2","57","West St. Paul, Manitoba","http://dbpedia.org/resource/West_St._Paul,_Minnesota","http://dbpedia.org/resource/West_St._Paul,_Manitoba http://dbpedia.org/resource/Rural_Municipality_of_West_St._Paul http://dbpedia.org/resource/West_St_Paul,_Manitoba"
"2","69","New Brunswick","http://dbpedia.org/resource/New_Brunswick,_New_Jersey","http://dbpedia.org/resource/New_Brunswicker http://dbpedia.org/resource/Neubraunschweig http://dbpedia.org/resource/Nouveau-Brunswick http://dbpedia.org/resource/CA-NB http://dbpedia.org/resource/New_Brunswickian http://dbpedia.org/resource/Province_of_New_Brunswick http://dbpedia.org/resource/New_Brusnwick http://dbpedia.org/resource/New-Brunswick http://dbpedia.org/resource/New_Brunswick http://dbpedia.org/resource/New_brunswikc http://dbpedia.org/resource/New_brunswick http://dbpedia.org/resource/Nuevo_Brunswick http://dbpedia.org/resource/List_of_festivals_in_New_Brunswick http://dbpedia.org/resource/Colony_of_New_Brunswick http://dbpedia.org/resource/New_Brunswick,_Canada"
"2","74","East St. Paul, Manitoba","http://dbpedia.org/resource/St_Paul's_Cathedral","http://dbpedia.org/resource/East_St_Paul http://dbpedia.org/resource/East_St._Paul http://dbpedia.org/resource/East_St._Paul,_Manitoba http://dbpedia.org/resource/East_Saint_Paul,_Manitoba http://dbpedia.org/resource/East_St._Paul,_Manitoba_(rural_municipality) http://dbpedia.org/resource/Rural_Municipality_of_East_St._Paul http://dbpedia.org/resource/East_St_Paul,_Manitoba"
"2","86","Ontario","http://dbpedia.org/resource/Markham,_Ontario","http://dbpedia.org/resource/Province_of_Ontario http://dbpedia.org/resource/Ontairo http://dbpedia.org/resource/Culture_of_Ontario http://dbpedia.org/resource/Ontarian http://dbpedia.org/resource/Climate_of_Ontario http://dbpedia.org/resource/CA-ON http://dbpedia.org/resource/Ontario_Canada http://dbpedia.org/resource/Ontario,_Canada http://dbpedia.org/resource/ON,_Canada http://dbpedia.org/resource/Ontario_(canada) http://dbpedia.org/resource/Canada_Ontario http://dbpedia.org/resource/Ontario http://dbpedia.org/resource/Ontario_(Canada)"
"2","89","West St. Paul, Manitoba","http://dbpedia.org/resource/West_St._Paul,_Minnesota","http://dbpedia.org/resource/West_St._Paul,_Manitoba http://dbpedia.org/resource/Rural_Municipality_of_West_St._Paul http://dbpedia.org/resource/West_St_Paul,_Manitoba"
"2","90","Switzerland","http://dbpedia.org/resource/Geneva","http://dbpedia.org/resource/Confœderatio_Helvetica http://dbpedia.org/resource/Switzeland http://dbpedia.org/resource/Suisse http://dbpedia.org/resource/Confederation_Suisse http://dbpedia.org/resource/Swiss_Confederated_States http://dbpedia.org/resource/Swizterland http://dbpedia.org/resource/Switz http://dbpedia.org/resource/Swissland http://dbpedia.org/resource/Switserland http://dbpedia.org/resource/Confédération_suisse http://dbpedia.org/resource/Schweiz http://dbpedia.org/resource/SWITZERLAND http://dbpedia.org/resource/Der_Schweiz http://dbpedia.org/resource/Swiss http://dbpedia.org/resource/Die_Schweiz http://dbpedia.org/resource/Confederatio_Helvetica http://dbpedia.org/resource/Svissland http://dbpedia.org/resource/Switzerland_information http://dbpedia.org/resource/Suiza http://dbpedia.org/resource/Confederation_Helvetia http://dbpedia.org/resource/Swizerland http://dbpedia.org/resource/Swiss_confederation http://dbpedia.org/resource/SwissEnergy http://dbpedia.org/resource/Confederation_of_Helvatia http://dbpedia.org/resource/Confederation_Helvetica http://dbpedia.org/resource/Svizra http://dbpedia.org/resource/Švýcarsko http://dbpedia.org/resource/Confederaziun_Svizra http://dbpedia.org/resource/Swiss_(version_2) http://dbpedia.org/resource/ISO_3166-1:CH http://dbpedia.org/resource/Swisserland http://dbpedia.org/resource/Confederaziun_svizra http://dbpedia.org/resource/Swiss_Confederation http://dbpedia.org/resource/Switzer_land http://dbpedia.org/resource/Etymology_of_Switzerland http://dbpedia.org/resource/Confederation_suisse http://dbpedia.org/resource/Land_of_the_Switzers http://dbpedia.org/resource/Schweizerische_Eidgenossenschaft http://dbpedia.org/resource/Land_of_the_Swiss http://dbpedia.org/resource/Switzerland http://dbpedia.org/resource/Confoederatio_Helvetica http://dbpedia.org/resource/Environmental_Integrity_Group http://dbpedia.org/resource/Confederazione_Svizzera http://dbpedia.org/resource/Schweitz http://dbpedia.org/resource/Confédération_Suisse http://dbpedia.org/resource/Schwitzerland http://dbpedia.org/resource/Svizzera"
"2","91","Scotland","http://dbpedia.org/resource/Glasgow","http://dbpedia.org/resource/Scotland http://dbpedia.org/resource/Maps_of_scotland http://dbpedia.org/resource/Scotland,_UK http://dbpedia.org/resource/Scotlanders http://dbpedia.org/resource/Scot_Land http://dbpedia.org/resource/Scottland http://dbpedia.org/resource/Scottish_Nation http://dbpedia.org/resource/Communications_in_Scotland http://dbpedia.org/resource/United_Kingdom:_Scotland http://dbpedia.org/resource/Northern_Great_Britain http://dbpedia.org/resource/SCOTLAND http://dbpedia.org/resource/Scotia_minor http://dbpedia.org/resource/Scotchland http://dbpedia.org/resource/H-Alba http://dbpedia.org/resource/Scotland's http://dbpedia.org/resource/Autonomous_Province_of_Scotland http://dbpedia.org/resource/The_Scottish_Nation http://dbpedia.org/resource/East_coast_of_Scotland http://dbpedia.org/resource/North_of_Great_Britain http://dbpedia.org/resource/North_Great_Britain http://dbpedia.org/resource/Scotlander http://dbpedia.org/resource/Scottish_nation http://dbpedia.org/resource/Auld_Country"
"2","97","Duluth Curling Club","http://dbpedia.org/resource/Granite_Curling_Club_(Winnipeg)","http://dbpedia.org/resource/Duluth_Curling_Club"
