1441_2,2,1,"Culpeper, Virginia","http://dbpedia.org/resource/Culpeper,_Virginia"
1441_2,2,2,"Danville, Virginia","http://dbpedia.org/resource/Danville,_Virginia"
1441_2,2,3,"Purcellville, VA","http://dbpedia.org/resource/Purcellville,_Virginia"
1441_2,2,4,"Fishersville, Virginia","http://dbpedia.org/resource/Fishersville,_Virginia"
1441_2,2,5,"Remington, Virginia","http://dbpedia.org/resource/Remington,_Virginia"
1441_2,2,6,"Virginia Beach, Virginia","http://dbpedia.org/resource/Virginia_Beach,_Virginia"
1441_2,2,7,"Hampton, VA","http://dbpedia.org/resource/Hampton,_Virginia"
1441_2,2,8,"Stephens City, Virginia","http://dbpedia.org/resource/Virginia_Beach,_Virginia"
1441_2,2,9,"Weyers Cave, Virginia","http://dbpedia.org/resource/Weyers_Cave,_Virginia"
1441_2,2,10,"Independence, Virginia","http://dbpedia.org/resource/Independence,_Virginia"
1441_2,2,11,"Barhamsville, Virginia","http://dbpedia.org/resource/Barhamsville,_Virginia"
1441_2,2,12,"Suffolk, Virginia","http://dbpedia.org/resource/Suffolk,_Virginia"
1441_2,2,13,"Short Pump, Virginia","http://dbpedia.org/resource/Short_Pump,_Virginia"
1441_2,2,14,"Arlington, Virginia","http://dbpedia.org/resource/Arlington_County,_Virginia"
1441_2,2,15,"Nicelytown, Virginia","http://dbpedia.org/resource/Nicelytown,_Virginia"
1441_2,2,16,"Leesburg, Virginia","http://dbpedia.org/resource/Leesburg,_Virginia"
1441_2,2,17,"Orkney Springs, Virginia","http://dbpedia.org/resource/Berkeley_Springs,_West_Virginia"
1441_2,2,18,"Staunton, Virginia","http://dbpedia.org/resource/Staunton,_Virginia"
1441_2,2,19,"Appomattox, Virginia","http://dbpedia.org/resource/Appomattox,_Virginia"
1441_2,2,20,"Weyers Cave, Virginia","http://dbpedia.org/resource/Weyers_Cave,_Virginia"
1441_2,2,21,"Millwood, Virginia","http://dbpedia.org/resource/Millwood,_West_Virginia"
1441_2,2,22,"Buffalo Gap, Virginia","http://dbpedia.org/resource/Buffalo,_West_Virginia"
1441_2,2,23,"Harrisonburg, Virginia","http://dbpedia.org/resource/Harrisonburg,_Virginia"
1441_2,2,24,"Rockbridge Baths, Virginia","http://dbpedia.org/resource/Rockbridge_County,_Virginia"
1441_2,2,25,"Norfolk, Virginia","http://dbpedia.org/resource/Norfolk,_Virginia"
1441_2,2,26,"Old Tavern, Virginia","http://dbpedia.org/resource/Todds_Tavern,_Virginia"
1441_2,2,27,"Annandale, VA","http://dbpedia.org/resource/Annandale,_Virginia"
1441_2,2,28,"Merrifield, Virginia","http://dbpedia.org/resource/Merrifield,_Virginia"
1441_2,2,29,"Lorton, Virginia","http://dbpedia.org/resource/Lorton,_Virginia"
1441_2,2,30,"Huntington, Virginia","http://dbpedia.org/resource/Huntington,_West_Virginia"
1441_2,2,31,"Brownsville, Virginia","http://dbpedia.org/resource/Brownsville,_Texas"
1441_2,2,32,"Roanoke, Virginia","http://dbpedia.org/resource/Roanoke,_Virginia"
1441_2,2,33,"Portsmouth, Virginia","http://dbpedia.org/resource/Portsmouth,_Virginia"
1441_2,2,34,"Newport News, Virginia","http://dbpedia.org/resource/Newport_News,_Virginia"
1441_2,2,35,"Fairfax, Virginia","http://dbpedia.org/resource/Fairfax,_Virginia"
1441_2,2,36,"Fairfax, Virginia","http://dbpedia.org/resource/Fairfax,_Virginia"
1441_2,2,37,Fort Belvoir,http://dbpedia.org/resource/Fort_Belvoir
1441_2,2,38,"Dumfries, Virginia","http://dbpedia.org/resource/Dumfries,_Virginia"
1441_2,2,39,"Radford, Virginia","http://dbpedia.org/resource/Radford,_Virginia"
1441_2,2,40,"Cismont, Virginia","http://dbpedia.org/resource/Cismont,_Virginia"
1441_2,2,41,"Stanardsville, Virginia","http://dbpedia.org/resource/Stanardsville,_Virginia"
1441_2,2,42,"Culpeper, Virginia","http://dbpedia.org/resource/Culpeper,_Virginia"
1441_2,2,43,"Herndon, Virginia","http://dbpedia.org/resource/Herndon,_Virginia"
1441_2,2,44,"Saluda, Virginia","http://dbpedia.org/resource/Saluda,_Virginia"
1441_2,2,45,"Sutherland, Virginia","http://dbpedia.org/resource/Sutherland,_Virginia"
1441_2,2,46,"Virginia Beach, Virginia","http://dbpedia.org/resource/Virginia_Beach,_Virginia"
1441_2,2,47,"Weber City, Virginia","http://dbpedia.org/resource/Virginia_Beach,_Virginia"
1441_2,2,48,"Hudgins, Virginia","http://dbpedia.org/resource/Hudgins,_Virginia"
1441_2,2,49,"Weems, Virginia","http://dbpedia.org/resource/Weems,_Virginia"
1441_2,2,50,"Shadwell, Virginia","http://dbpedia.org/resource/Shadwell,_Virginia"
1441_2,2,51,"Falmouth, Virginia","http://dbpedia.org/resource/Falmouth,_Cornwall"
1441_2,2,52,"Hayes, Virginia","http://dbpedia.org/resource/Hayes,_Virginia"
1441_2,2,53,"Buckland, Virginia","http://dbpedia.org/resource/Buckland,_Virginia"
1441_2,2,54,"Lerty, Virginia","http://dbpedia.org/resource/Lerty,_Virginia"
1441_2,2,55,"Manassas Park, Virginia","http://dbpedia.org/resource/Manassas_Park,_Virginia"
1441_2,2,56,"Timberville, Virginia","http://dbpedia.org/resource/Timberville,_Virginia"
1441_2,2,57,"Ruther Glen, Virginia","http://dbpedia.org/resource/Glen_Lyn,_Virginia"
1441_2,2,58,"Arnolds Corner, Virginia","http://dbpedia.org/resource/Tysons,_Virginia"
1441_2,2,59,"Purkins Corner, Virginia","http://dbpedia.org/resource/Tysons,_Virginia"
1441_2,2,60,"Potomac Mills, Westmoreland County, Virginia","http://dbpedia.org/resource/Potomac_Mills,_Prince_William_County,_Virginia"
1441_2,2,61,"Lyells, Virginia","http://dbpedia.org/resource/Lyells,_Virginia"
1441_2,2,62,"Templeman, Virginia","http://dbpedia.org/resource/Templeman,_Virginia"
1441_2,2,63,"Mollusk, Virginia","http://dbpedia.org/resource/Mollusk,_Virginia"
1441_2,2,64,"White Stone, Virginia","http://dbpedia.org/resource/White_Stone,_Virginia"
1441_2,2,65,"Dillwyn, Virginia","http://dbpedia.org/resource/Dillwyn,_Virginia"
1441_2,2,66,"Richmond, Virginia","http://dbpedia.org/resource/Richmond,_Virginia"
1441_2,2,67,"Glenns, Virginia","http://dbpedia.org/resource/Glenns,_Virginia"
1441_2,2,68,"Richmond, Virginia","http://dbpedia.org/resource/Richmond,_Virginia"
1441_2,2,69,"Richmond, Virginia","http://dbpedia.org/resource/Richmond,_Virginia"
1441_2,2,70,"Norfolk, Virginia","http://dbpedia.org/resource/Norfolk,_Virginia"
1441_2,2,71,"Dranesville, Virginia","http://dbpedia.org/resource/Dranesville,_Virginia"
1441_2,2,72,"Norfolk, Virginia","http://dbpedia.org/resource/Norfolk,_Virginia"
1441_2,2,73,"Chesapeake, Virginia","http://dbpedia.org/resource/Chesapeake,_Virginia"
1441_2,2,74,"Chesapeake, Virginia","http://dbpedia.org/resource/Chesapeake,_Virginia"
1441_2,2,75,"Franklin, Virginia","http://dbpedia.org/resource/Franklin,_West_Virginia"
1441_2,2,76,"Guilford, Virginia","http://dbpedia.org/resource/Guilford,_Vermont"
1441_2,2,77,"Branchville, Virginia","http://dbpedia.org/resource/Branchville,_Virginia"
1441_2,2,78,"Edinburg, Virginia","http://dbpedia.org/resource/Edinburg,_Virginia"
1441_2,2,79,"Cape Charles, Virginia","http://dbpedia.org/resource/Cape_Charles,_Virginia"
1441_2,2,80,"Jamesville, Virginia","http://dbpedia.org/resource/Jamesville,_North_Carolina"
1441_2,2,81,"Painter, Virginia","http://dbpedia.org/resource/Painter,_Virginia"
1441_2,2,82,"Harborton, Virginia","http://dbpedia.org/resource/Harborton,_Virginia"
1441_2,2,83,"Paint Bank, Virginia","http://dbpedia.org/resource/Paint_Bank,_Virginia"
1441_2,2,84,"Onancock, Virginia","http://dbpedia.org/resource/Onancock,_Virginia"
1441_2,2,85,"Exmore, Virginia","http://dbpedia.org/resource/Exmore,_Virginia"
1441_2,2,86,"Radford, Virginia","http://dbpedia.org/resource/Radford,_Virginia"
1441_2,2,87,"Parksley, Virginia","http://dbpedia.org/resource/Parksley,_Virginia"
1441_2,2,88,"Nash Corner, Virginia","http://dbpedia.org/resource/Tysons,_Virginia"
1441_2,2,89,"Collinsville, Virginia","http://dbpedia.org/resource/Collinsville,_Illinois"
1441_2,2,90,"Hampton, Virginia","http://dbpedia.org/resource/Hampton,_Virginia"
1441_2,2,91,"Newport News, Virginia","http://dbpedia.org/resource/Newport_News,_Virginia"
1441_2,2,92,"Norfolk, VA","http://dbpedia.org/resource/Norfolk,_Virginia"
1441_2,2,93,"Hampton, Virginia","http://dbpedia.org/resource/Hampton,_Virginia"
1441_2,2,94,"Moyock, North Carolina",http://dbpedia.org/resource/North_Carolina
1441_2,2,95,"Norfolk, Virginia","http://dbpedia.org/resource/Norfolk,_Virginia"
1441_2,2,96,"Chesapeake, Virginia","http://dbpedia.org/resource/Chesapeake,_Virginia"
1441_2,2,97,"Suffolk, Virginia","http://dbpedia.org/resource/Suffolk,_Virginia"
1441_2,2,98,"Lynchburg, Virginia","http://dbpedia.org/resource/Lynchburg,_Virginia"
1441_2,2,99,"Richmond, Virginia","http://dbpedia.org/resource/Richmond,_Virginia"
1441_2,2,100,Black Mountain,"http://dbpedia.org/resource/Black_Mountain,_North_Carolina"
1441_2,2,101,"Jefferson, North Carolina",http://dbpedia.org/resource/North_Carolina
1441_2,2,102,"Crows, Virginia","http://dbpedia.org/resource/Crow,_West_Virginia"
1441_2,2,103,"Tuckahoe, Virginia","http://dbpedia.org/resource/Tuckahoe,_Virginia"
1441_2,2,104,"Templeton, Virginia","http://dbpedia.org/resource/Templeton,_Virginia"
1441_2,2,105,"Blackstone, Virginia","http://dbpedia.org/resource/Blackstone,_Virginia"
1441_2,2,106,"Newport News, Virginia","http://dbpedia.org/resource/Newport_News,_Virginia"
1441_2,2,107,"Bensley, Virginia","http://dbpedia.org/resource/Bensley,_Virginia"
1441_2,2,108,"Virginia Beach, Virginia","http://dbpedia.org/resource/Virginia_Beach,_Virginia"
1441_2,2,109,"Midlothian, Virginia","http://dbpedia.org/resource/Midlothian,_Virginia"
1441_2,2,110,"Chesterfield Court House, Virginia","http://dbpedia.org/resource/Chesterfield,_Virginia"
1441_2,2,111,Camp Peary,http://dbpedia.org/resource/Camp_Peary
1441_2,2,112,"Petersburg, Virginia","http://dbpedia.org/resource/Petersburg,_Virginia"
1441_2,2,113,"Portsmouth, Virginia","http://dbpedia.org/resource/Portsmouth,_Virginia"
1441_2,2,114,"St. Stephens Church, Virginia","http://dbpedia.org/resource/St._Stephens_Church,_Virginia"
1441_2,2,115,"Jarratt, Virginia","http://dbpedia.org/resource/Jarratt,_Virginia"
1441_2,2,116,"South Hill, Virginia",http://dbpedia.org/resource/Virginia
1441_2,2,117,"Kenbridge, Virginia","http://dbpedia.org/resource/Kenbridge,_Virginia"
1441_2,2,118,"Alberta, Virginia","http://dbpedia.org/resource/Alberta,_Virginia"
1441_2,2,119,"Suffolk, Virginia","http://dbpedia.org/resource/Suffolk,_Virginia"
1441_2,2,120,"Hampton, Virginia","http://dbpedia.org/resource/Hampton,_Virginia"
1441_2,2,121,"Hampden-Sydney, Virginia","http://dbpedia.org/resource/Hampden_Sydney,_Virginia"
1441_2,2,122,"Appomattox, Virginia","http://dbpedia.org/resource/Appomattox,_Virginia"
1441_2,2,123,"Natural Bridge, Virginia","http://dbpedia.org/resource/Cats_Bridge,_Virginia"
1441_2,2,124,"Cumberland, Virginia","http://dbpedia.org/resource/Cumberland,_Virginia"
1441_2,2,125,"Lynchburg, Virginia","http://dbpedia.org/resource/Lynchburg,_Virginia"
1441_2,2,126,"Good, West Virginia",http://dbpedia.org/resource/West_Virginia
1441_2,2,127,"Onancock, Virginia","http://dbpedia.org/resource/Onancock,_Virginia"
1441_2,2,128,"Chuckatuck, Virginia","http://dbpedia.org/resource/Chuckatuck,_Virginia"
1441_2,2,129,"Woodbridge, Virginia","http://dbpedia.org/resource/Woodbridge,_Virginia"
1441_2,2,130,"Rocky Mount, Virginia","http://dbpedia.org/resource/Rocky_Mount,_Virginia"
1441_2,2,131,"Fort Chiswell, VA","http://dbpedia.org/resource/Fort_Chiswell,_Virginia"
1441_2,2,132,"Crystal City, Virginia","http://dbpedia.org/resource/Virginia_Beach,_Virginia"
1441_2,2,133,"Roanoke, Virginia","http://dbpedia.org/resource/Roanoke,_Virginia"
1441_2,2,134,"Roanoke, Virginia","http://dbpedia.org/resource/Roanoke,_Virginia"
1441_2,2,135,"Burnt Chimney, Virginia","http://dbpedia.org/resource/Burnt_Chimney,_Virginia"
1441_2,2,136,"Roanoke, Virginia","http://dbpedia.org/resource/Roanoke,_Virginia"
1441_2,2,137,"Fairlawn, Pulaski County, Virginia","http://dbpedia.org/resource/Fairlawn,_Pulaski_County,_Virginia"
1441_2,2,138,"Bristol, Virginia","http://dbpedia.org/resource/Bristol,_Connecticut"
1441_2,2,139,"Christiansburg, Virginia","http://dbpedia.org/resource/Christiansburg,_Virginia"
1441_2,2,140,"Crystal City, Virginia","http://dbpedia.org/resource/Virginia_Beach,_Virginia"
1441_2,2,141,"Chilhowie, Virginia","http://dbpedia.org/resource/Chilhowie,_Virginia"
1441_2,2,142,"Petersburg, Virginia","http://dbpedia.org/resource/Petersburg,_Virginia"
1441_2,2,143,"Newport News, Virginia","http://dbpedia.org/resource/Newport_News,_Virginia"
1441_2,2,144,"Claudville, Virginia","http://dbpedia.org/resource/Claudville,_Virginia"
1441_2,2,145,"Roanoke, Virginia","http://dbpedia.org/resource/Roanoke,_Virginia"
1441_2,2,146,"Hillsville, Virginia","http://dbpedia.org/resource/Hillsville,_Virginia"
1441_2,2,147,"Richmond, Virginia","http://dbpedia.org/resource/Richmond,_Virginia"
1441_2,2,148,Din Daeng District,http://dbpedia.org/resource/Non_Daeng_District
1441_2,2,149,Stettin,http://dbpedia.org/resource/Szczecin
1441_2,2,150,Charlotte–Essex Ferry,http://dbpedia.org/resource/Lake_Champlain_Transportation_Company
1441_2,2,151,"Bennington, Vermont","http://dbpedia.org/resource/Bennington,_Vermont"
1441_2,2,152,"Heath, Massachusetts","http://dbpedia.org/resource/Heath,_Massachusetts"
1441_2,2,153,"Stamford, Vermont","http://dbpedia.org/resource/Stamford,_Connecticut"
1441_2,2,154,"Bennington, Vermont","http://dbpedia.org/resource/Bennington,_Vermont"
1441_2,2,155,"Alburgh, Vermont","http://dbpedia.org/resource/Alburgh_(town),_Vermont"
1441_2,2,156,"Shoreham, Vermont","http://dbpedia.org/resource/Shoreham,_Vermont"
1441_2,2,157,"Shaftsbury, Vermont","http://dbpedia.org/resource/Shaftsbury,_Vermont"
1441_2,2,158,"Randolph, Vermont","http://dbpedia.org/resource/Randolph,_Vermont"
1441_2,2,159,"Brookfield, Vermont","http://dbpedia.org/resource/Brookfield,_Connecticut"
1441_2,2,160,"Northfield, Vermont","http://dbpedia.org/resource/Northfield,_Vermont"
1441_2,2,161,"Berlin, Vermont","http://dbpedia.org/resource/Berlin,_Vermont"
1441_2,2,162,"Berlin, Vermont","http://dbpedia.org/resource/Berlin,_Vermont"
1441_2,2,163,"West Burke, Vermont","http://dbpedia.org/resource/West_Burke,_Vermont"
1441_2,2,164,"Montgomery, Vermont","http://dbpedia.org/resource/Montgomery,_Vermont"
1441_2,2,165,"Brandon, Vermont","http://dbpedia.org/resource/Brandon,_Vermont"
1441_2,2,166,"Fair Haven, Vermont","http://dbpedia.org/resource/Fair_Haven,_Vermont"
1441_2,2,167,"Weathersfield, Vermont","http://dbpedia.org/resource/Weathersfield,_Vermont"
1441_2,2,168,"Reading, Vermont","http://dbpedia.org/resource/Reading,_Berkshire"
1441_2,2,169,St. Albans,http://dbpedia.org/resource/St_Albans
1441_2,2,170,Swanton,"http://dbpedia.org/resource/Swanton_(town),_Vermont"
1441_2,2,171,"Townshend, Vermont","http://dbpedia.org/resource/Townshend,_Vermont"
1441_2,2,172,"Rupert, Vermont","http://dbpedia.org/resource/Rupert,_Vermont"
1441_2,2,173,New York,http://dbpedia.org/resource/New_York_City
1441_2,2,174,"Brattleboro, Vermont","http://dbpedia.org/resource/Brattleboro,_Vermont"
1441_2,2,175,Rutland,"http://dbpedia.org/resource/Rutland_(city),_Vermont"
1441_2,2,176,"Essex, Vermont","http://dbpedia.org/resource/Essex,_Vermont"
1441_2,2,177,"Hoosick, NY","http://dbpedia.org/resource/Hoosick,_New_York"
1441_2,2,178,"Canaan, Vermont","http://dbpedia.org/resource/Canaan,_Vermont"
1441_2,2,179,"Piermont, New Hampshire","http://dbpedia.org/resource/Claremont,_New_Hampshire"
1441_2,2,180,"Thetford, Vermont","http://dbpedia.org/resource/Thetford,_Vermont"
1441_2,2,181,"Potton, Quebec","http://dbpedia.org/resource/Potton,_Quebec"
1441_2,2,182,"Montgomery, Vermont","http://dbpedia.org/resource/Montgomery,_Vermont"
1441_2,2,183,"Sheldon, Vermont","http://dbpedia.org/resource/Sheldon,_Vermont"
1441_2,2,184,"Franklin, Vermont","http://dbpedia.org/resource/Franklin,_Vermont"
1441_2,2,185,"Groton, Vermont","http://dbpedia.org/resource/Groton,_Vermont"
1441_2,2,186,"Middlebury, Vermont","http://dbpedia.org/resource/Middlebury,_Vermont"
1441_2,2,187,"Hampton, New York","http://dbpedia.org/resource/Hampton,_New_York"
1441_2,2,188,"Alburgh, Vermont","http://dbpedia.org/resource/Alburgh_(town),_Vermont"
1441_2,2,189,"Marshfield, Vermont","http://dbpedia.org/resource/Marshfield,_Vermont"
1441_2,2,190,"Plainfield, Vermont","http://dbpedia.org/resource/Plainfield,_Vermont"
1441_2,2,191,St. Albans,http://dbpedia.org/resource/St_Albans
1441_2,2,192,Derby,http://dbpedia.org/resource/Derby
1441_2,2,193,"Littleton, NH","http://dbpedia.org/resource/Littleton,_New_Hampshire"
