1449_1,1,1,"Alton, Texas","http://dbpedia.org/resource/Alton,_Illinois"
1449_1,1,2,"Gregory, Texas","http://dbpedia.org/resource/Gregory,_Texas"
1449_1,1,3,"Grapevine, Texas","http://dbpedia.org/resource/Grapevine,_Texas"
1449_1,1,4,"Abilene, Texas","http://dbpedia.org/resource/Abilene,_Texas"
1449_1,1,5,"Skidmore, Texas","http://dbpedia.org/resource/Skidmore,_Texas"
1449_1,1,6,Corpus Christi Naval Air Station,http://dbpedia.org/resource/Naval_Air_Station_Corpus_Christi
1449_1,1,7,"Corpus Christi, Texas","http://dbpedia.org/resource/Corpus_Christi,_Texas"
1449_1,1,8,"Dallas, Texas","http://dbpedia.org/resource/Fort_Worth,_Texas"
1449_1,1,9,"Sunnyvale, Texas","http://dbpedia.org/resource/Sunnyvale,_Texas"
1449_1,1,10,"Snyder, Texas","http://dbpedia.org/resource/Snyder,_Texas"
1449_1,1,11,Houston,http://dbpedia.org/resource/Houston
1449_1,1,12,"Lamesa, Texas","http://dbpedia.org/resource/Lamesa,_Texas"
1449_1,1,13,"Beaumont, TX","http://dbpedia.org/resource/Beaumont,_Texas"
1449_1,1,14,"Rio Hondo, TX","http://dbpedia.org/resource/Rio_Hondo,_Texas"
1449_1,1,15,"Dallas, Texas","http://dbpedia.org/resource/Fort_Worth,_Texas"
1449_1,1,16,U.S. Route 82 in Texas,http://dbpedia.org/resource/U.S._Route_82_in_Texas
1449_1,1,17,"Freer, Texas","http://dbpedia.org/resource/Freer,_Texas"
1449_1,1,18,"Edinburg, Texas","http://dbpedia.org/resource/Edinburg,_Texas"
1449_1,1,19,"Gun Barrel City, Texas","http://dbpedia.org/resource/Gun_Barrel_City,_Texas"
1449_1,1,20,"Surfside Beach, Texas","http://dbpedia.org/resource/Surfside_Beach,_Texas"
1449_1,1,21,State Highway 33,http://dbpedia.org/resource/California_State_Route_33
1449_1,1,22,"Rankin, Texas","http://dbpedia.org/resource/Rankin,_Texas"
1449_1,1,23,"Silsbee, Texas","http://dbpedia.org/resource/Silsbee,_Texas"
1449_1,1,24,"Kountze, Texas","http://dbpedia.org/resource/Kountze,_Texas"
1449_1,1,25,"Henderson, TX","http://dbpedia.org/resource/Henderson,_Louisiana"
1449_1,1,26,"Longview, Texas","http://dbpedia.org/resource/Longview,_Texas"
1449_1,1,27,"Cleveland, Texas","http://dbpedia.org/resource/Cleveland,_Texas"
1449_1,1,28,"Brownsville, Texas","http://dbpedia.org/resource/Brownsville,_Texas"
1449_1,1,29,"Valley Mills, Texas","http://dbpedia.org/resource/Valley_Mills,_Texas"
1449_1,1,30,Matagorda Bay,"http://dbpedia.org/resource/Matagorda,_Texas"
1449_1,1,31,"Carthage, TX","http://dbpedia.org/resource/Carthage,_Texas"
1449_1,1,32,"Dallas, Texas","http://dbpedia.org/resource/Fort_Worth,_Texas"
1449_1,1,33,"Longview, Texas","http://dbpedia.org/resource/Longview,_Texas"
1449_1,1,34,"Bryan, Texas","http://dbpedia.org/resource/Bryan,_Texas"
1449_1,1,35,"Bastrop, Texas","http://dbpedia.org/resource/Bastrop,_Texas"
1449_1,1,36,"Odessa, Texas","http://dbpedia.org/resource/Odessa,_Texas"
1449_1,1,37,"Gilmer, Texas","http://dbpedia.org/resource/Gilmer,_Texas"
1449_1,1,38,"Huntsville, Texas","http://dbpedia.org/resource/Huntsville,_Texas"
1449_1,1,39,"Houston, Texas",http://dbpedia.org/resource/Houston
1449_1,1,40,State Highway 21,http://dbpedia.org/resource/Minnesota_State_Highway_21
1449_1,1,41,Texas State Highway 95,http://dbpedia.org/resource/Texas_State_Highway_95
1449_1,1,42,"Pottsboro, Texas","http://dbpedia.org/resource/Pottsboro,_Texas"
1449_1,1,43,"Houston, Texas",http://dbpedia.org/resource/Houston
1449_1,1,44,"Riviera, Texas","http://dbpedia.org/resource/Riviera,_Texas"
1449_1,1,45,"Cross Plains, Texas","http://dbpedia.org/resource/Cross_Plains,_Texas"
1449_1,1,46,"Emory, Texas","http://dbpedia.org/resource/Emory,_Texas"
1449_1,1,47,"Galveston, Texas","http://dbpedia.org/resource/Galveston,_Texas"
1449_1,1,48,"Kemp, Texas","http://dbpedia.org/resource/Kemp,_Texas"
1449_1,1,49,"Pampa, Texas","http://dbpedia.org/resource/Pampa,_Texas"
1449_1,1,50,"Comfort, Texas","http://dbpedia.org/resource/Comfort,_Texas"
1449_1,1,51,"Grapevine, Texas","http://dbpedia.org/resource/Grapevine,_Texas"
1449_1,1,52,"Wellington, Texas","http://dbpedia.org/resource/Wellington,_Texas"
1449_1,1,53,"Laredo, Texas","http://dbpedia.org/resource/Laredo,_Texas"
1449_1,1,54,"Mineral Wells, Texas","http://dbpedia.org/resource/Mineral_Wells,_Texas"
1449_1,1,55,"Olney, Texas","http://dbpedia.org/resource/Olney,_Texas"
1449_1,1,56,Red River of the South,http://dbpedia.org/resource/Red_River_of_the_South
1449_1,1,57,"Pinehurst, Montgomery County, Texas","http://dbpedia.org/resource/Pinehurst,_Montgomery_County,_Texas"
1449_1,1,58,"Canton, Texas","http://dbpedia.org/resource/Canton,_Texas"
1449_1,1,59,"Patton Village, Texas","http://dbpedia.org/resource/Patton_Village,_Texas"
1449_1,1,60,"Wichita Falls, Texas","http://dbpedia.org/resource/Wichita_Falls,_Texas"
1449_1,1,61,"Paris, Texas","http://dbpedia.org/resource/Paris,_Texas"
1449_1,1,62,"Austwell, Texas","http://dbpedia.org/resource/Austwell,_Texas"
1449_1,1,63,"Port Lavaca, Texas","http://dbpedia.org/resource/Port_Lavaca,_Texas"
1449_1,1,64,"Odem, Texas","http://dbpedia.org/resource/Odem,_Texas"
1449_1,1,65,Oklahoma,"http://dbpedia.org/resource/Tulsa,_Oklahoma"
1449_1,1,66,"La Porte, Texas","http://dbpedia.org/resource/La_Porte,_Texas"
1449_1,1,67,"Commerce, Texas","http://dbpedia.org/resource/Commerce,_Texas"
1449_1,1,68,"Alpine, TX","http://dbpedia.org/resource/Alpine,_Texas"
1449_1,1,69,"Chalk Mountain, Texas","http://dbpedia.org/resource/Chalk_Mountain,_Texas"
1449_1,1,70,"Corsicana, Texas","http://dbpedia.org/resource/Corsicana,_Texas"
1449_1,1,71,Palo Duro Canyon State Park,http://dbpedia.org/resource/Palo_Duro_Canyon
1449_1,1,72,"Adrian, Texas","http://dbpedia.org/resource/Adrian,_Texas"
1449_1,1,73,"Higgins, Texas","http://dbpedia.org/resource/Higgins,_Texas"
1449_1,1,74,"Milam, Texas","http://dbpedia.org/resource/Milam,_Texas"
1449_1,1,75,"Spur, Texas","http://dbpedia.org/resource/Spur,_Texas"
1449_1,1,76,"Guymon, Oklahoma","http://dbpedia.org/resource/Guymon,_Oklahoma"
1449_1,1,77,"Cisco, Texas","http://dbpedia.org/resource/Cisco,_Texas"
1449_1,1,78,"Lavon, Texas","http://dbpedia.org/resource/Lavon,_Texas"
1449_1,1,79,"Mangum, OK","http://dbpedia.org/resource/Mangum,_Oklahoma"
1449_1,1,80,"Refugio, Texas","http://dbpedia.org/resource/Refugio,_Texas"
1449_1,1,81,Fort Hood,http://dbpedia.org/resource/Fort_Hood
1449_1,1,82,"McNary, Texas","http://dbpedia.org/resource/McNary,_Texas"
1449_1,1,83,"Canton, Texas","http://dbpedia.org/resource/Canton,_Texas"
1449_1,1,84,"Fort Hood, Texas","http://dbpedia.org/resource/Fort_Worth,_Texas"
1449_1,1,85,"Gordon, Texas","http://dbpedia.org/resource/Gordon,_Texas"
1449_1,1,86,"Midland, Texas","http://dbpedia.org/resource/Midland,_Texas"
1449_1,1,87,"Paris, Texas","http://dbpedia.org/resource/Paris,_Texas"
1449_1,1,88,"Port Mansfield, TX","http://dbpedia.org/resource/Mansfield,_Texas"
1449_1,1,89,"Port O'Connor, Texas","http://dbpedia.org/resource/Port_Arthur,_Texas"
1449_1,1,90,State Highway 87,http://dbpedia.org/resource/Idaho_State_Highway_87
1449_1,1,91,Dallas,http://dbpedia.org/resource/Dallas
1449_1,1,92,"Quitman, TX","http://dbpedia.org/resource/Quitman,_Mississippi"
1449_1,1,93,"Dallas, Texas","http://dbpedia.org/resource/Fort_Worth,_Texas"
1449_1,1,94,"Jal, New Mexico","http://dbpedia.org/resource/Jal,_New_Mexico"
1449_1,1,95,"Dew, Texas","http://dbpedia.org/resource/Dew,_Texas"
1449_1,1,96,"El Paso, Texas","http://dbpedia.org/resource/El_Paso,_Texas"
1449_1,1,97,"Big Spring, Texas","http://dbpedia.org/resource/Big_Spring,_Texas"
1449_1,1,98,"Nocona, Texas","http://dbpedia.org/resource/Nocona,_Texas"
1449_1,1,99,"Burleson, Texas","http://dbpedia.org/resource/Burleson,_Texas"
1449_1,1,100,"Kerrville, Texas","http://dbpedia.org/resource/Kerrville,_Texas"
1449_1,1,101,"Weatherford, Texas","http://dbpedia.org/resource/Weatherford,_Texas"
1449_1,1,102,"Westlake, Texas","http://dbpedia.org/resource/Westlake,_Texas"
1449_1,1,103,"Pecos, Texas","http://dbpedia.org/resource/Pecos,_Texas"
1449_1,1,104,State Highway 17,http://dbpedia.org/resource/California_State_Route_17
1449_1,1,105,"Austin, Texas","http://dbpedia.org/resource/Austin,_Texas"
1449_1,1,106,State Highway 75,http://dbpedia.org/resource/Colorado_State_Highway_75
1449_1,1,107,"Colorado City, Texas","http://dbpedia.org/resource/Colorado_City,_Texas"
1449_1,1,108,"Whitewright, Texas","http://dbpedia.org/resource/Whitewright,_Texas"
1449_1,1,109,"Wichita Falls, Texas","http://dbpedia.org/resource/Wichita_Falls,_Texas"
1449_1,1,110,U.S. Route 67 in Texas,http://dbpedia.org/resource/U.S._Route_66_in_Texas
1449_1,1,111,"Point Blank, TX","http://dbpedia.org/resource/Point_Blank,_Texas"
1449_1,1,112,"Linden, Texas","http://dbpedia.org/resource/Linden,_Texas"
1449_1,1,113,"Sweetwater, Texas","http://dbpedia.org/resource/Sweetwater,_Texas"
1449_1,1,114,State Highway 152,http://dbpedia.org/resource/Texas_State_Highway_152
1449_1,1,115,"San Antonio, Texas",http://dbpedia.org/resource/San_Antonio
1449_1,1,116,Interstate 69 in Texas,http://dbpedia.org/resource/Interstate_69_in_Texas
1449_1,1,117,"Follett, Texas","http://dbpedia.org/resource/Follett,_Texas"
1449_1,1,118,"Longview, Texas","http://dbpedia.org/resource/Longview,_Texas"
1449_1,1,119,"Petrolia, Texas","http://dbpedia.org/resource/Petrolia,_Texas"
1449_1,1,120,"Shelbyville, Texas","http://dbpedia.org/resource/Shelbyville,_Tennessee"
1449_1,1,121,"Livingston, Texas","http://dbpedia.org/resource/Livingston,_Texas"
1449_1,1,122,"Granbury, TX","http://dbpedia.org/resource/Granbury,_Texas"
1449_1,1,123,"Lockhart, TX","http://dbpedia.org/resource/Lockhart,_Texas"
1449_1,1,124,"Midland, Texas","http://dbpedia.org/resource/Midland,_Texas"
1449_1,1,125,"Richland, Texas","http://dbpedia.org/resource/Richland,_Texas"
1449_1,1,126,"Florence, Texas","http://dbpedia.org/resource/Florence,_Texas"
1449_1,1,127,"Amarillo, Texas","http://dbpedia.org/resource/Amarillo,_Texas"
1449_1,1,128,"Gladewater, Texas","http://dbpedia.org/resource/Gladewater,_Texas"
1449_1,1,129,Interstate 35 in Texas,http://dbpedia.org/resource/Interstate_35_in_Texas
1449_1,1,130,"Brackettville, Texas","http://dbpedia.org/resource/Brackettville,_Texas"
1449_1,1,131,"Georgetown, Texas","http://dbpedia.org/resource/Georgetown,_Texas"
1449_1,1,132,Texas State Highway 152,http://dbpedia.org/resource/Texas_State_Highway_152
1449_1,1,133,"Concan, Texas","http://dbpedia.org/resource/Aurora,_Texas"
1449_1,1,134,"Whiteface, Texas","http://dbpedia.org/resource/Whiteface,_Texas"
1449_1,1,135,"Beaumont, Texas","http://dbpedia.org/resource/Beaumont,_Texas"
1449_1,1,136,"San Marcos, Texas","http://dbpedia.org/resource/Austin,_Texas"
1449_1,1,137,"Bonham, Texas","http://dbpedia.org/resource/Bonham,_Texas"
1449_1,1,138,"Deweyville, Texas","http://dbpedia.org/resource/Deweyville,_Texas"
1449_1,1,139,U.S. Highway 77 Alternate,http://dbpedia.org/resource/U.S._Route_77_Alternate_(Texas)
1449_1,1,140,Ranch to Market Road 2424,http://dbpedia.org/resource/Ranch_to_Market_Road_2424
1449_1,1,141,State Highway 349,http://dbpedia.org/resource/Texas_State_Highway_349
1449_1,1,142,"Irving, Texas","http://dbpedia.org/resource/Irving,_Texas"
1449_1,1,143,State Highway 71,http://dbpedia.org/resource/Idaho_State_Highway_71
1449_1,1,144,U.S. Highway 80,http://dbpedia.org/resource/U.S._Route_80
1449_1,1,145,"Linden, Texas","http://dbpedia.org/resource/Linden,_Texas"
1449_1,1,146,State Highway 16,http://dbpedia.org/resource/Minnesota_State_Highway_16
1449_1,1,147,"Combes, Texas","http://dbpedia.org/resource/Combes,_Texas"
1449_1,1,148,"Beaumont, Texas","http://dbpedia.org/resource/Beaumont,_Texas"
1449_1,1,149,State Highway 21,http://dbpedia.org/resource/Minnesota_State_Highway_21
1449_1,1,150,"Dalhart, Texas","http://dbpedia.org/resource/Dalhart,_Texas"
1449_1,1,151,"Bowie, Texas","http://dbpedia.org/resource/Texarkana,_Texas"
1449_1,1,152,"Euless, Texas","http://dbpedia.org/resource/Euless,_Texas"
1449_1,1,153,Arkansas,"http://dbpedia.org/resource/Little_Rock,_Arkansas"
1449_1,1,154,"South Toledo Bend, Texas","http://dbpedia.org/resource/South_Toledo_Bend,_Texas"
1449_1,1,155,"Big Spring, Texas","http://dbpedia.org/resource/Big_Spring,_Texas"
1449_1,1,156,Brazos Bend State Park,http://dbpedia.org/resource/Brazos_Bend_State_Park
1449_1,1,157,"Helotes, Texas","http://dbpedia.org/resource/Helotes,_Texas"
1449_1,1,158,Possum Kingdom State Park,http://dbpedia.org/resource/Possum_Kingdom_State_Park
1449_1,1,159,"Toyahvale, Texas","http://dbpedia.org/resource/Toyahvale,_Texas"
1449_1,1,160,Davis Mountains State Park,http://dbpedia.org/resource/Davis_Mountains_State_Park
1449_1,1,161,"Fannin, Texas","http://dbpedia.org/resource/Bailey,_Texas"
1449_1,1,162,"Flour Bluff, Corpus Christi, Texas","http://dbpedia.org/resource/Flour_Bluff,_Corpus_Christi,_Texas"
1449_1,1,163,San Jacinto Battleground State Historic Site,http://dbpedia.org/resource/San_Jacinto_Battleground_State_Historic_Site
1449_1,1,164,Padre Island National Seashore,http://dbpedia.org/resource/Padre_Island_National_Seashore
1449_1,1,165,"Smithville, Texas","http://dbpedia.org/resource/Smithville,_Texas"
1449_1,1,166,Tetouan,http://dbpedia.org/resource/Tétouan
1449_1,1,167,"Oak Ridge, Tennessee","http://dbpedia.org/resource/Knoxville,_Tennessee"
1449_1,1,168,"Bloomingdale, Tennessee","http://dbpedia.org/resource/Bloomingdale,_Tennessee"
1449_1,1,169,"Rutledge, Tennessee","http://dbpedia.org/resource/Rutledge,_Tennessee"
1449_1,1,170,"Damascus, Virginia","http://dbpedia.org/resource/Damascus,_Virginia"
1449_1,1,171,"Pruden, Kentucky and Tennessee","http://dbpedia.org/resource/Pruden,_Kentucky_and_Tennessee"
1449_1,1,172,North Carolina,"http://dbpedia.org/resource/Wilmington,_North_Carolina"
1449_1,1,173,Tennessee State Route 19,http://dbpedia.org/resource/Tennessee_State_Route_1
1449_1,1,174,"Beech Grove, Coffee County, Tennessee","http://dbpedia.org/resource/Beechgrove,_Coffee_County,_Tennessee"
1449_1,1,175,"Fall Branch, Tennessee","http://dbpedia.org/resource/Fall_Branch,_Tennessee"
1449_1,1,176,"McMinnville, TN","http://dbpedia.org/resource/McMinnville,_Tennessee"
1449_1,1,177,Tennessee State Route 78,http://dbpedia.org/resource/Tennessee_State_Route_78
1449_1,1,178,Kentucky,"http://dbpedia.org/resource/Louisville,_Kentucky"
1449_1,1,179,"Portland, Tennessee","http://dbpedia.org/resource/Portland,_Oregon"
1449_1,1,180,"Blountville, Tennessee","http://dbpedia.org/resource/Blountville,_Tennessee"
1449_1,1,181,"Newport, Tennessee","http://dbpedia.org/resource/Newport,_Tennessee"
1449_1,1,182,"Tallassee, Tennessee","http://dbpedia.org/resource/Tallassee,_Alabama"
1449_1,1,183,"Rocky Top, Tennessee","http://dbpedia.org/resource/Rocky_Top,_Tennessee"
1449_1,1,184,"Blackwater, Lee County, Virginia","http://dbpedia.org/resource/Blackwater,_Lee_County,_Virginia"
1449_1,1,185,"Lyles, Tennessee","http://dbpedia.org/resource/Lyles,_Tennessee"
1449_1,1,186,"Paris, Tennessee","http://dbpedia.org/resource/Paris,_Tennessee"
