387_1,1,1,"Los Angeles, California",http://dbpedia.org/resource/Los_Angeles
387_1,1,2,California,"http://dbpedia.org/resource/Glendale,_California"
387_1,1,3,"Calvary Cemetery, East Los Angeles",http://dbpedia.org/resource/Calvary_Cemetery_(Los_Angeles)
387_1,1,4,Marquartstein,http://dbpedia.org/resource/Marquartstein
387_1,1,5,"Lahore, Pakistan",http://dbpedia.org/resource/Lahore
387_1,1,6,Valhalla Memorial Park Cemetery,http://dbpedia.org/resource/Valhalla_Memorial_Park_Cemetery
387_1,1,7,"Glendale, California","http://dbpedia.org/resource/Glendale,_California"
387_1,1,8,California,"http://dbpedia.org/resource/Glendale,_California"
387_1,1,9,"Salisbury, North Carolina","http://dbpedia.org/resource/Charlotte,_North_Carolina"
387_1,1,10,"Forest Lawn Memorial Park, Glendale",http://dbpedia.org/resource/Forest_Lawn_Memorial_Park_(Glendale)
387_1,1,11,Hillside Memorial Park Cemetery,"http://dbpedia.org/resource/Redlands,_California"
387_1,1,12,California,"http://dbpedia.org/resource/Glendale,_California"
387_1,1,13,Hollywood Hills,http://dbpedia.org/resource/Hollywood
387_1,1,14,Hollywood Forever Cemetery,http://dbpedia.org/resource/Hollywood_Forever_Cemetery
387_1,1,15,Cremains,http://dbpedia.org/resource/Cremation
387_1,1,16,"Calvary Cemetery, East Los Angeles",http://dbpedia.org/resource/Calvary_Cemetery_(Los_Angeles)
387_1,1,17,Chapel of the Pines Crematory,http://dbpedia.org/resource/Chapel_of_the_Pines_Crematory
387_1,1,18,Heliopolis War Cemetery,http://dbpedia.org/resource/Revolutionary_War_Cemetery
387_1,1,19,Oakwood Memorial Park Cemetery,http://dbpedia.org/resource/Pierce_Brothers_Westwood_Village_Memorial_Park_and_Mortuary
387_1,1,20,Northamptonshire,http://dbpedia.org/resource/Northamptonshire
387_1,1,21,Angelus-Rosedale Cemetery,http://dbpedia.org/resource/Moose_Jaw
387_1,1,22,Valhalla Memorial Park Cemetery,http://dbpedia.org/resource/Valhalla_Memorial_Park_Cemetery
387_1,1,23,"Sylmar, Los Angeles","http://dbpedia.org/resource/Sylmar,_Los_Angeles"
387_1,1,24,California,"http://dbpedia.org/resource/Glendale,_California"
387_1,1,25,Winchelsea,http://dbpedia.org/resource/Winchelsea
387_1,1,26,New York,http://dbpedia.org/resource/New_York_City
387_1,1,27,Komitas Pantheon,http://dbpedia.org/resource/Komitas_Pantheon
387_1,1,28,Hillside Memorial Park Cemetery,"http://dbpedia.org/resource/Redlands,_California"
387_1,1,29,Cremains,http://dbpedia.org/resource/Cremation
387_1,1,30,Pawling,http://dbpedia.org/resource/St_Paul's_Cathedral
387_1,1,31,Yerevan,http://dbpedia.org/resource/Yerevan
387_1,1,32,"Palo Alto, California","http://dbpedia.org/resource/Palo_Alto,_California"
387_1,1,33,Los Angeles,http://dbpedia.org/resource/Los_Angeles
387_1,1,34,"Mount Hebron Cemetery, Montclair, New Jersey","http://dbpedia.org/resource/Mount_Hebron_Cemetery_(Montclair,_New_Jersey)"
387_1,1,35,Norway,http://dbpedia.org/resource/Norway
387_1,1,36,"Culver City, California","http://dbpedia.org/resource/Culver_City,_California"
387_1,1,37,Valhalla Memorial Park Cemetery,http://dbpedia.org/resource/Valhalla_Memorial_Park_Cemetery
387_1,1,38,Canada,http://dbpedia.org/resource/Canada
387_1,1,39,San Fernando Mission Cemetery,http://dbpedia.org/resource/San_Fernando_Mission_Cemetery
387_1,1,40,"Holy Cross Cemetery, Culver City","http://dbpedia.org/resource/Holy_Cross_Cemetery,_Culver_City"
387_1,1,41,Hillside Memorial Park Cemetery,"http://dbpedia.org/resource/Redlands,_California"
387_1,1,42,"Forest Lawn Memorial Park, Hollywood Hills",http://dbpedia.org/resource/Forest_Lawn_Memorial_Park_(Hollywood_Hills)
387_1,1,43,Inglewood Park Cemetery,http://dbpedia.org/resource/Inglewood_Park_Cemetery
387_1,1,44,"Glendale, California","http://dbpedia.org/resource/Glendale,_California"
387_1,1,45,"Forest Lawn Memorial Park, Glendale",http://dbpedia.org/resource/Forest_Lawn_Memorial_Park_(Glendale)
387_1,1,46,California,"http://dbpedia.org/resource/Glendale,_California"
387_1,1,47,Crypt,http://dbpedia.org/resource/Medici_Chapel
387_1,1,48,Westwood Village Memorial Park Cemetery,http://dbpedia.org/resource/Pierce_Brothers_Westwood_Village_Memorial_Park_and_Mortuary
387_1,1,49,Zincirlikuyu Cemetery,http://dbpedia.org/resource/Zincirlikuyu_Cemetery
387_1,1,50,"Forest Lawn Memorial Park, Glendale",http://dbpedia.org/resource/Forest_Lawn_Memorial_Park_(Glendale)
387_1,1,51,Lim Chu Kang,http://dbpedia.org/resource/Choa_Chu_Kang
387_1,1,52,"Holy Cross Cemetery, Culver City","http://dbpedia.org/resource/Holy_Cross_Cemetery,_Culver_City"
387_1,1,53,Beechwoods Cemetery,http://dbpedia.org/resource/Beechwood_Cemetery
387_1,1,54,Cremains,http://dbpedia.org/resource/Cremation
387_1,1,55,Los Angeles National Cemetery,http://dbpedia.org/resource/Los_Angeles_National_Cemetery
387_1,1,56,California,"http://dbpedia.org/resource/Glendale,_California"
387_1,1,57,North Wales,http://dbpedia.org/resource/New_South_Wales
387_1,1,58,Hollywood Forever Cemetery,http://dbpedia.org/resource/Hollywood_Forever_Cemetery
387_1,1,59,"Orange, California",http://dbpedia.org/resource/California
387_1,1,60,"Forest Lawn Memorial Park, Glendale",http://dbpedia.org/resource/Forest_Lawn_Memorial_Park_(Glendale)
387_1,1,61,"Sand Springs, Oklahoma","http://dbpedia.org/resource/Sand_Springs,_Oklahoma"
387_1,1,62,Los Angeles National Cemetery,http://dbpedia.org/resource/Los_Angeles_National_Cemetery
387_1,1,63,Texas,http://dbpedia.org/resource/Houston
387_1,1,64,Pacific Ocean,http://dbpedia.org/resource/Oceania
387_1,1,65,"Cazenovia, New York","http://dbpedia.org/resource/Cazenovia,_New_York"
387_1,1,66,Mount Sinai Memorial Park Cemetery,http://dbpedia.org/resource/Mount_Sinai_Memorial_Park_Cemetery
387_1,1,67,Westwood Village Memorial Park Cemetery,http://dbpedia.org/resource/Pierce_Brothers_Westwood_Village_Memorial_Park_and_Mortuary
387_1,1,68,Cypress Hills National Cemetery,http://dbpedia.org/resource/Cave_Hill_Cemetery
387_1,1,69,"Maysville, Kentucky","http://dbpedia.org/resource/Maysville,_Kentucky"
387_1,1,70,"Glendale, California","http://dbpedia.org/resource/Glendale,_California"
387_1,1,71,"Holy Cross Cemetery, Culver City","http://dbpedia.org/resource/Holy_Cross_Cemetery,_Culver_City"
387_1,1,72,Westchester Hills Cemetery,http://dbpedia.org/resource/Westchester_Hills_Cemetery
387_1,1,73,Hollywood Forever Cemetery,http://dbpedia.org/resource/Hollywood_Forever_Cemetery
387_1,1,74,"Compton, California","http://dbpedia.org/resource/Compton,_California"
387_1,1,75,Highgate Cemetery,http://dbpedia.org/resource/Highgate_Cemetery
387_1,1,76,Graceland Cemetery,http://dbpedia.org/resource/Graceland_Cemetery
387_1,1,77,New York,http://dbpedia.org/resource/New_York_City
387_1,1,78,"Forest Lawn Memorial Park, Hollywood Hills",http://dbpedia.org/resource/Forest_Lawn_Memorial_Park_(Hollywood_Hills)
387_1,1,79,Forest Lawn Memorial Park,http://dbpedia.org/resource/Forest_Lawn_Memorial_Park_(Glendale)
387_1,1,80,"Interlaken, New York","http://dbpedia.org/resource/Interlaken,_New_York"
387_1,1,81,Cenotaph,http://dbpedia.org/resource/The_Cenotaph
387_1,1,82,"Forest Lawn Memorial Park, Glendale",http://dbpedia.org/resource/Forest_Lawn_Memorial_Park_(Glendale)
387_1,1,83,"Forest Lawn Memorial Park, Glendale",http://dbpedia.org/resource/Forest_Lawn_Memorial_Park_(Glendale)
387_1,1,84,"Holy Cross Cemetery, Culver City","http://dbpedia.org/resource/Holy_Cross_Cemetery,_Culver_City"
387_1,1,85,Canada,http://dbpedia.org/resource/Canada
387_1,1,86,"Forest Lawn Memorial Park, Glendale",http://dbpedia.org/resource/Forest_Lawn_Memorial_Park_(Glendale)
387_1,1,87,"Westwood, Los Angeles","http://dbpedia.org/resource/Westwood,_Los_Angeles"
387_1,1,88,"St. Thomas Cathedral, Mumbai","http://dbpedia.org/resource/St._Thomas_Cathedral,_Ciudad_Bolívar"
387_1,1,89,United States,http://dbpedia.org/resource/United_States_Military_Academy
387_1,1,90,Cornwall,http://dbpedia.org/resource/Cornwall
387_1,1,91,Cremains,http://dbpedia.org/resource/Cremation
387_1,1,92,Valhalla Memorial Park Cemetery,http://dbpedia.org/resource/Valhalla_Memorial_Park_Cemetery
387_1,1,93,"Forest Lawn Memorial Park, Glendale",http://dbpedia.org/resource/Forest_Lawn_Memorial_Park_(Glendale)
387_1,1,94,New York City,http://dbpedia.org/resource/New_York_City
387_1,1,95,"Holy Cross Cemetery, Culver City","http://dbpedia.org/resource/Holy_Cross_Cemetery,_Culver_City"
387_1,1,96,"Calvary Cemetery, Queens","http://dbpedia.org/resource/Calvary_Cemetery_(Queens,_New_York)"
387_1,1,97,Forest Lawn Memorial Park,http://dbpedia.org/resource/Forest_Lawn_Memorial_Park_(Glendale)
387_1,1,98,Oakwood Memorial Park Cemetery,http://dbpedia.org/resource/Pierce_Brothers_Westwood_Village_Memorial_Park_and_Mortuary
387_1,1,99,"Glendale, California","http://dbpedia.org/resource/Glendale,_California"
387_1,1,100,"El Cerrito, California","http://dbpedia.org/resource/El_Cerrito,_California"
387_1,1,101,Forest Lawn Memorial Park,http://dbpedia.org/resource/Forest_Lawn_Memorial_Park_(Glendale)
387_1,1,102,"Culver City, California","http://dbpedia.org/resource/Culver_City,_California"
387_1,1,103,"Forest Lawn Memorial Park, Glendale",http://dbpedia.org/resource/Forest_Lawn_Memorial_Park_(Glendale)
387_1,1,104,"Micanopy, Florida","http://dbpedia.org/resource/Micanopy,_Florida"
387_1,1,105,"Holy Cross Cemetery, Culver City","http://dbpedia.org/resource/Holy_Cross_Cemetery,_Culver_City"
387_1,1,106,California,"http://dbpedia.org/resource/Glendale,_California"
387_1,1,107,Vvedenskoye Cemetery,http://dbpedia.org/resource/Vvedenskoye_Cemetery
387_1,1,108,"Mission Hills, California","http://dbpedia.org/resource/Mission_Viejo,_California"
387_1,1,109,Forest Lawn Memorial Park,http://dbpedia.org/resource/Forest_Lawn_Memorial_Park_(Glendale)
387_1,1,110,Cremains,http://dbpedia.org/resource/Cremation
387_1,1,111,Westwood Village Memorial Park Cemetery,http://dbpedia.org/resource/Pierce_Brothers_Westwood_Village_Memorial_Park_and_Mortuary
387_1,1,112,California,"http://dbpedia.org/resource/Glendale,_California"
387_1,1,113,Gate of Heaven Cemetery,"http://dbpedia.org/resource/Gate_of_Heaven_Cemetery_(Hawthorne,_New_York)"
387_1,1,114,Belmont Memorial Park,http://dbpedia.org/resource/Belmont_Memorial_Park
387_1,1,115,France,http://dbpedia.org/resource/France
387_1,1,116,California,"http://dbpedia.org/resource/Glendale,_California"
387_1,1,117,"Holy Cross Cemetery, Culver City","http://dbpedia.org/resource/Holy_Cross_Cemetery,_Culver_City"
387_1,1,118,"Bel-Nor, Missouri","http://dbpedia.org/resource/Bel-Nor,_Missouri"
387_1,1,119,Arlington National Cemetery,http://dbpedia.org/resource/Arlington_National_Cemetery
387_1,1,120,"Makawao, Hawaii",http://dbpedia.org/resource/Hawaii
387_1,1,121,Westwood Village Memorial Park Cemetery,http://dbpedia.org/resource/Pierce_Brothers_Westwood_Village_Memorial_Park_and_Mortuary
387_1,1,122,Pierce Brothers Valhalla Memorial Park,http://dbpedia.org/resource/Valhalla_Memorial_Park_Cemetery
387_1,1,123,Westwood Village Memorial Park Cemetery,http://dbpedia.org/resource/Pierce_Brothers_Westwood_Village_Memorial_Park_and_Mortuary
387_1,1,124,Los Angeles National Cemetery,http://dbpedia.org/resource/Los_Angeles_National_Cemetery
387_1,1,125,"Holy Cross Cemetery, Culver City","http://dbpedia.org/resource/Holy_Cross_Cemetery,_Culver_City"
387_1,1,126,"Forest Lawn Memorial Park, Glendale",http://dbpedia.org/resource/Forest_Lawn_Memorial_Park_(Glendale)
387_1,1,127,Woodlawn Cemetery,"http://dbpedia.org/resource/Woodlawn_Cemetery_(Bronx,_New_York)"
387_1,1,128,"Los Angeles, California",http://dbpedia.org/resource/Los_Angeles
387_1,1,129,Hollywood Forever Cemetery,http://dbpedia.org/resource/Hollywood_Forever_Cemetery
387_1,1,130,Forest Lawn Memorial Park,http://dbpedia.org/resource/Forest_Lawn_Memorial_Park_(Glendale)
387_1,1,131,Westwood Memorial Park,http://dbpedia.org/resource/Pierce_Brothers_Westwood_Village_Memorial_Park_and_Mortuary
387_1,1,132,Forest Lawn Memorial Park,http://dbpedia.org/resource/Forest_Lawn_Memorial_Park_(Glendale)
387_1,1,133,Parañaque,http://dbpedia.org/resource/Parañaque
387_1,1,134,"Carolina, Puerto Rico",http://dbpedia.org/resource/Puerto_Rico
387_1,1,135,Forest Lawn Memorial Park,http://dbpedia.org/resource/Forest_Lawn_Memorial_Park_(Glendale)
387_1,1,136,Connecticut,http://dbpedia.org/resource/Connecticut
387_1,1,137,California,"http://dbpedia.org/resource/Glendale,_California"
387_1,1,138,Saint Charles Cemetery,"http://dbpedia.org/resource/St._Charles,_Missouri"
387_1,1,139,Forest Lawn Memorial Park,http://dbpedia.org/resource/Forest_Lawn_Memorial_Park_(Glendale)
387_1,1,140,Los Angeles,http://dbpedia.org/resource/Los_Angeles
387_1,1,141,"Holy Cross Cemetery, Culver City","http://dbpedia.org/resource/Holy_Cross_Cemetery,_Culver_City"
387_1,1,142,California,"http://dbpedia.org/resource/Glendale,_California"
387_1,1,143,Barcelona,http://dbpedia.org/resource/Barcelona
387_1,1,144,"Charlotte, North Carolina",http://dbpedia.org/resource/North_Carolina
387_1,1,145,"Forest Lawn Memorial Park, Glendale",http://dbpedia.org/resource/Forest_Lawn_Memorial_Park_(Glendale)
387_1,1,146,"Calvary Cemetery, East Los Angeles",http://dbpedia.org/resource/Calvary_Cemetery_(Los_Angeles)
387_1,1,147,"Los Angeles, California",http://dbpedia.org/resource/Los_Angeles
387_1,1,148,Forest Lawn Memorial Park,http://dbpedia.org/resource/Forest_Lawn_Memorial_Park_(Glendale)
387_1,1,149,Forest Lawn Memorial Park,http://dbpedia.org/resource/Forest_Lawn_Memorial_Park_(Glendale)
387_1,1,150,"Claverton, Somerset","http://dbpedia.org/resource/Claverton,_Somerset"
387_1,1,151,Monaco,http://dbpedia.org/resource/Munich
387_1,1,152,"Carolina, Puerto Rico",http://dbpedia.org/resource/Puerto_Rico
387_1,1,153,Forest Lawn Memorial Park,http://dbpedia.org/resource/Forest_Lawn_Memorial_Park_(Glendale)
387_1,1,154,"Calvary Cemetery, Los Angeles",http://dbpedia.org/resource/Calvary_Cemetery_(Los_Angeles)
387_1,1,155,"Kleinburg, Ontario",http://dbpedia.org/resource/Ontario
387_1,1,156,Westwood Village Memorial Park Cemetery,http://dbpedia.org/resource/Pierce_Brothers_Westwood_Village_Memorial_Park_and_Mortuary
387_1,1,157,Forest Lawn Memorial Park,http://dbpedia.org/resource/Forest_Lawn_Memorial_Park_(Glendale)
387_1,1,158,Chapel of the Pines Crematory,http://dbpedia.org/resource/Chapel_of_the_Pines_Crematory
387_1,1,159,Chapel of the Pines Crematory,http://dbpedia.org/resource/Chapel_of_the_Pines_Crematory
387_1,1,160,Westwood Village Memorial Park Cemetery,http://dbpedia.org/resource/Pierce_Brothers_Westwood_Village_Memorial_Park_and_Mortuary
387_1,1,161,Forest Lawn Memorial Park,http://dbpedia.org/resource/Forest_Lawn_Memorial_Park_(Glendale)
387_1,1,162,Baltimore,http://dbpedia.org/resource/Baltimore
387_1,1,163,Forest Lawn Memorial Park,http://dbpedia.org/resource/Forest_Lawn_Memorial_Park_(Glendale)
