499_2,2,1,New York Giants,http://dbpedia.org/resource/History_of_the_New_York_Giants
499_2,2,2,Chicago Bears,http://dbpedia.org/resource/History_of_the_Chicago_Bears
499_2,2,3,San Diego Chargers,http://dbpedia.org/resource/History_of_the_San_Diego_Chargers
499_2,2,4,Chicago Bears,http://dbpedia.org/resource/History_of_the_Chicago_Bears
499_2,2,5,Calgary Stampeders,http://dbpedia.org/resource/1989_Calgary_Stampeders_season
499_2,2,6,Green Bay Packers,http://dbpedia.org/resource/History_of_the_Green_Bay_Packers
499_2,2,7,Detroit Lions,http://dbpedia.org/resource/History_of_the_Detroit_Lions
499_2,2,8,New York Giants,http://dbpedia.org/resource/History_of_the_New_York_Giants
499_2,2,9,Chicago Cardinals,http://dbpedia.org/resource/History_of_the_Arizona_Cardinals
499_2,2,10,New York Giants,http://dbpedia.org/resource/History_of_the_New_York_Giants
499_2,2,11,Chicago Bears,http://dbpedia.org/resource/History_of_the_Chicago_Bears
499_2,2,12,Dallas Cowboys,http://dbpedia.org/resource/History_of_the_Dallas_Cowboys
499_2,2,13,Cincinnati Bengals,http://dbpedia.org/resource/History_of_the_Cincinnati_Bengals
499_2,2,14,Pittsburgh Steelers,http://dbpedia.org/resource/History_of_the_Pittsburgh_Steelers
499_2,2,15,Cleveland Browns,http://dbpedia.org/resource/History_of_the_Cleveland_Browns
499_2,2,16,New York Giants,http://dbpedia.org/resource/History_of_the_New_York_Giants
499_2,2,17,San Francisco 49ers,http://dbpedia.org/resource/History_of_the_San_Francisco_49ers
499_2,2,18,Chicago Rockets,http://dbpedia.org/resource/1948_Chicago_Rockets_season
499_2,2,19,Chicago Bears,http://dbpedia.org/resource/History_of_the_Chicago_Bears
499_2,2,20,Baltimore Colts,http://dbpedia.org/resource/History_of_the_Indianapolis_Colts
499_2,2,21,New York Giants,http://dbpedia.org/resource/History_of_the_New_York_Giants
499_2,2,22,Pittsburgh Steelers,http://dbpedia.org/resource/History_of_the_Pittsburgh_Steelers
499_2,2,23,Cleveland Browns,http://dbpedia.org/resource/History_of_the_Cleveland_Browns
499_2,2,24,Baltimore Ravens,http://dbpedia.org/resource/History_of_the_Baltimore_Ravens
499_2,2,25,Chicago Rockets,http://dbpedia.org/resource/1948_Chicago_Rockets_season
499_2,2,26,Philadelphia Eagles,http://dbpedia.org/resource/History_of_the_Philadelphia_Eagles
499_2,2,27,Oakland Raiders,http://dbpedia.org/resource/2009_Oakland_Raiders_season
499_2,2,28,Denver Broncos,http://dbpedia.org/resource/History_of_the_Denver_Broncos
499_2,2,29,Chicago Bears,http://dbpedia.org/resource/History_of_the_Chicago_Bears
499_2,2,30,Dallas Cowboys,http://dbpedia.org/resource/History_of_the_Dallas_Cowboys
499_2,2,31,Cleveland Browns,http://dbpedia.org/resource/History_of_the_Cleveland_Browns
499_2,2,32,San Francisco 49ers,http://dbpedia.org/resource/History_of_the_San_Francisco_49ers
499_2,2,33,New York Giants,http://dbpedia.org/resource/History_of_the_New_York_Giants
499_2,2,34,Washington Redskins,http://dbpedia.org/resource/History_of_the_Washington_Redskins
499_2,2,35,Green Bay Packers,http://dbpedia.org/resource/History_of_the_Green_Bay_Packers
499_2,2,36,Washington Redskins,http://dbpedia.org/resource/History_of_the_Washington_Redskins
499_2,2,37,Cleveland Browns,http://dbpedia.org/resource/History_of_the_Cleveland_Browns
499_2,2,38,Brooklyn Dodgers,http://dbpedia.org/resource/History_of_the_Brooklyn_Dodgers
499_2,2,39,Washington Redskins,http://dbpedia.org/resource/History_of_the_Washington_Redskins
499_2,2,40,Chicago Bears,http://dbpedia.org/resource/History_of_the_Chicago_Bears
499_2,2,41,Baltimore Colts,http://dbpedia.org/resource/History_of_the_Indianapolis_Colts
499_2,2,42,New York Giants,http://dbpedia.org/resource/History_of_the_New_York_Giants
499_2,2,43,Chicago Bears,http://dbpedia.org/resource/History_of_the_Chicago_Bears
499_2,2,44,Washington Redskins,http://dbpedia.org/resource/History_of_the_Washington_Redskins
499_2,2,45,Chicago Bears,http://dbpedia.org/resource/History_of_the_Chicago_Bears
499_2,2,46,Dallas Cowboys,http://dbpedia.org/resource/History_of_the_Dallas_Cowboys
499_2,2,47,New York Giants,http://dbpedia.org/resource/History_of_the_New_York_Giants
499_2,2,48,1953 Cleveland Browns season,http://dbpedia.org/resource/2006_Cleveland_Browns_season
499_2,2,49,Cleveland Browns,http://dbpedia.org/resource/History_of_the_Cleveland_Browns
499_2,2,50,New York Giants,http://dbpedia.org/resource/History_of_the_New_York_Giants
499_2,2,51,Washington Redskins,http://dbpedia.org/resource/History_of_the_Washington_Redskins
499_2,2,52,New York Giants,http://dbpedia.org/resource/History_of_the_New_York_Giants
499_2,2,53,Cleveland Browns,http://dbpedia.org/resource/History_of_the_Cleveland_Browns
499_2,2,54,Green Bay Packers,http://dbpedia.org/resource/History_of_the_Green_Bay_Packers
499_2,2,55,Chicago Bears,http://dbpedia.org/resource/History_of_the_Chicago_Bears
499_2,2,56,Cleveland Browns,http://dbpedia.org/resource/History_of_the_Cleveland_Browns
499_2,2,57,New York Giants,http://dbpedia.org/resource/History_of_the_New_York_Giants
499_2,2,58,Denver Broncos,http://dbpedia.org/resource/History_of_the_Denver_Broncos
499_2,2,59,Green Bay Packers,http://dbpedia.org/resource/History_of_the_Green_Bay_Packers
499_2,2,60,Washington Redskins,http://dbpedia.org/resource/History_of_the_Washington_Redskins
499_2,2,61,Detroit Lions,http://dbpedia.org/resource/History_of_the_Detroit_Lions
499_2,2,62,Chicago Bears,http://dbpedia.org/resource/History_of_the_Chicago_Bears
499_2,2,63,Chicago Bears,http://dbpedia.org/resource/History_of_the_Chicago_Bears
499_2,2,64,Pittsburgh Steelers,http://dbpedia.org/resource/History_of_the_Pittsburgh_Steelers
499_2,2,65,Chicago Bears,http://dbpedia.org/resource/History_of_the_Chicago_Bears
499_2,2,66,Los Angeles Rams,http://dbpedia.org/resource/1988_Los_Angeles_Rams_season
499_2,2,67,Chicago Bears,http://dbpedia.org/resource/History_of_the_Chicago_Bears
499_2,2,68,Pittsburgh Steelers,http://dbpedia.org/resource/History_of_the_Pittsburgh_Steelers
499_2,2,69,New York Giants,http://dbpedia.org/resource/History_of_the_New_York_Giants
499_2,2,70,Cleveland Browns,http://dbpedia.org/resource/History_of_the_Cleveland_Browns
499_2,2,71,Dallas Cowboys,http://dbpedia.org/resource/History_of_the_Dallas_Cowboys
499_2,2,72,Kansas City Chiefs,http://dbpedia.org/resource/History_of_the_Kansas_City_Chiefs
499_2,2,73,New York Jets,http://dbpedia.org/resource/History_of_the_New_York_Jets
499_2,2,74,Brooklyn Dodgers,http://dbpedia.org/resource/History_of_the_Brooklyn_Dodgers
499_2,2,75,Green Bay Packers,http://dbpedia.org/resource/History_of_the_Green_Bay_Packers
499_2,2,76,Cleveland Browns,http://dbpedia.org/resource/History_of_the_Cleveland_Browns
499_2,2,77,Pittsburgh Steelers,http://dbpedia.org/resource/History_of_the_Pittsburgh_Steelers
499_2,2,78,Cincinnati Bengals,http://dbpedia.org/resource/History_of_the_Cincinnati_Bengals
499_2,2,79,Dallas Cowboys,http://dbpedia.org/resource/History_of_the_Dallas_Cowboys
499_2,2,80,Detroit Lions,http://dbpedia.org/resource/History_of_the_Detroit_Lions
499_2,2,81,Chicago Bears,http://dbpedia.org/resource/History_of_the_Chicago_Bears
499_2,2,82,Miami Dolphins,http://dbpedia.org/resource/History_of_the_Miami_Dolphins
499_2,2,83,Oakland Raiders,http://dbpedia.org/resource/2009_Oakland_Raiders_season
499_2,2,84,Detroit Lions,http://dbpedia.org/resource/History_of_the_Detroit_Lions
499_2,2,85,Green Bay Packers,http://dbpedia.org/resource/History_of_the_Green_Bay_Packers
499_2,2,86,Pittsburgh Steelers,http://dbpedia.org/resource/History_of_the_Pittsburgh_Steelers
499_2,2,87,New Orleans Saints,http://dbpedia.org/resource/1989_New_Orleans_Saints_season
499_2,2,88,Detroit Lions,http://dbpedia.org/resource/History_of_the_Detroit_Lions
499_2,2,89,Carolina Panthers,http://dbpedia.org/resource/History_of_the_Carolina_Panthers
499_2,2,90,Pittsburgh Steelers,http://dbpedia.org/resource/History_of_the_Pittsburgh_Steelers
499_2,2,91,Buffalo Bills,http://dbpedia.org/resource/History_of_the_Buffalo_Bills
499_2,2,92,Miami Dolphins,http://dbpedia.org/resource/History_of_the_Miami_Dolphins
499_2,2,93,Chicago Bears,http://dbpedia.org/resource/History_of_the_Chicago_Bears
499_2,2,94,History of the New York Jets,http://dbpedia.org/resource/History_of_the_New_York_Jets
499_2,2,95,Cleveland Rams,http://dbpedia.org/resource/1944_Cleveland_Rams_season
499_2,2,96,Washington Redskins,http://dbpedia.org/resource/History_of_the_Washington_Redskins
499_2,2,97,Philadelphia Eagles,http://dbpedia.org/resource/History_of_the_Philadelphia_Eagles
499_2,2,98,Green Bay Packers,http://dbpedia.org/resource/History_of_the_Green_Bay_Packers
499_2,2,99,Green Bay Packers,http://dbpedia.org/resource/History_of_the_Green_Bay_Packers
499_2,2,100,Pittsburgh Pirates,http://dbpedia.org/resource/History_of_the_Pittsburgh_Pirates
499_2,2,101,Detroit Lions,http://dbpedia.org/resource/History_of_the_Detroit_Lions
499_2,2,102,Green Bay Packers,http://dbpedia.org/resource/History_of_the_Green_Bay_Packers
499_2,2,103,Cleveland Browns,http://dbpedia.org/resource/History_of_the_Cleveland_Browns
499_2,2,104,Detroit Lions,http://dbpedia.org/resource/History_of_the_Detroit_Lions
499_2,2,105,New York Giants,http://dbpedia.org/resource/History_of_the_New_York_Giants
499_2,2,106,Philadelphia Eagles,http://dbpedia.org/resource/History_of_the_Philadelphia_Eagles
499_2,2,107,Cincinnati Bengals,http://dbpedia.org/resource/History_of_the_Cincinnati_Bengals
499_2,2,108,Birmingham Barracudas,http://dbpedia.org/resource/1995_Birmingham_Barracudas_season
499_2,2,109,Washington Redskins,http://dbpedia.org/resource/History_of_the_Washington_Redskins
499_2,2,110,Cleveland Browns,http://dbpedia.org/resource/History_of_the_Cleveland_Browns
499_2,2,111,Houston Oilers,http://dbpedia.org/resource/1983_Houston_Oilers_season
499_2,2,112,Washington Redskins,http://dbpedia.org/resource/History_of_the_Washington_Redskins
499_2,2,113,Green Bay Packers,http://dbpedia.org/resource/History_of_the_Green_Bay_Packers
499_2,2,114,Detroit Lions,http://dbpedia.org/resource/History_of_the_Detroit_Lions
499_2,2,115,Philadelphia Eagles,http://dbpedia.org/resource/History_of_the_Philadelphia_Eagles
499_2,2,116,Atlanta Falcons,http://dbpedia.org/resource/History_of_the_Atlanta_Falcons
499_2,2,117,Pittsburgh Steelers,http://dbpedia.org/resource/History_of_the_Pittsburgh_Steelers
499_2,2,118,Pittsburgh Pirates,http://dbpedia.org/resource/History_of_the_Pittsburgh_Pirates
499_2,2,119,Chicago Cardinals,http://dbpedia.org/resource/History_of_the_Arizona_Cardinals
499_2,2,120,Chicago Bears,http://dbpedia.org/resource/History_of_the_Chicago_Bears
499_2,2,121,New York Giants,http://dbpedia.org/resource/History_of_the_New_York_Giants
499_2,2,122,Dallas Cowboys,http://dbpedia.org/resource/History_of_the_Dallas_Cowboys
499_2,2,123,Baltimore Colts,http://dbpedia.org/resource/History_of_the_Indianapolis_Colts
499_2,2,124,Oakland Raiders,http://dbpedia.org/resource/2009_Oakland_Raiders_season
499_2,2,125,Carolina Panthers,http://dbpedia.org/resource/History_of_the_Carolina_Panthers
499_2,2,126,Dallas Cowboys,http://dbpedia.org/resource/History_of_the_Dallas_Cowboys
499_2,2,127,Philadelphia Eagles,http://dbpedia.org/resource/History_of_the_Philadelphia_Eagles
499_2,2,128,New York Yankees,http://dbpedia.org/resource/History_of_the_New_York_Yankees
499_2,2,129,Green Bay Packers,http://dbpedia.org/resource/History_of_the_Green_Bay_Packers
499_2,2,130,Detroit Lions,http://dbpedia.org/resource/History_of_the_Detroit_Lions
499_2,2,131,Jacksonville Jaguars,http://dbpedia.org/resource/History_of_the_Jacksonville_Jaguars
499_2,2,132,Chicago Bears,http://dbpedia.org/resource/History_of_the_Chicago_Bears
499_2,2,133,Boston Patriots,http://dbpedia.org/resource/History_of_the_New_England_Patriots
499_2,2,134,Brooklyn Dodgers,http://dbpedia.org/resource/History_of_the_Brooklyn_Dodgers
499_2,2,135,Pittsburgh Steelers,http://dbpedia.org/resource/History_of_the_Pittsburgh_Steelers
499_2,2,136,Chicago Bears,http://dbpedia.org/resource/History_of_the_Chicago_Bears
499_2,2,137,Pittsburgh Steelers,http://dbpedia.org/resource/History_of_the_Pittsburgh_Steelers
499_2,2,138,Chicago Cardinals,http://dbpedia.org/resource/History_of_the_Arizona_Cardinals
499_2,2,139,New York Giants,http://dbpedia.org/resource/History_of_the_New_York_Giants
499_2,2,140,Los Angeles Rams,http://dbpedia.org/resource/1988_Los_Angeles_Rams_season
499_2,2,141,New York Yankees,http://dbpedia.org/resource/History_of_the_New_York_Yankees
499_2,2,142,San Francisco 49ers,http://dbpedia.org/resource/History_of_the_San_Francisco_49ers
499_2,2,143,Detroit Lions,http://dbpedia.org/resource/History_of_the_Detroit_Lions
499_2,2,144,Chicago Cardinals,http://dbpedia.org/resource/History_of_the_Arizona_Cardinals
499_2,2,145,Cleveland Browns,http://dbpedia.org/resource/History_of_the_Cleveland_Browns
499_2,2,146,Kansas City Chiefs,http://dbpedia.org/resource/History_of_the_Kansas_City_Chiefs
499_2,2,147,Pittsburgh Steelers,http://dbpedia.org/resource/History_of_the_Pittsburgh_Steelers
499_2,2,148,New York Giants,http://dbpedia.org/resource/History_of_the_New_York_Giants
499_2,2,149,New York Giants,http://dbpedia.org/resource/History_of_the_New_York_Giants
499_2,2,150,1968 Buffalo Bills season,http://dbpedia.org/resource/1968_Buffalo_Bills_season
499_2,2,151,Chicago Bears,http://dbpedia.org/resource/History_of_the_Chicago_Bears
499_2,2,152,New England Patriots,http://dbpedia.org/resource/History_of_the_New_England_Patriots
499_2,2,153,Brooklyn Dodgers,http://dbpedia.org/resource/History_of_the_Brooklyn_Dodgers
499_2,2,154,Philadelphia Eagles,http://dbpedia.org/resource/History_of_the_Philadelphia_Eagles
499_2,2,155,Cleveland Browns,http://dbpedia.org/resource/History_of_the_Cleveland_Browns
499_2,2,156,Cleveland Browns,http://dbpedia.org/resource/History_of_the_Cleveland_Browns
499_2,2,157,Philadelphia Eagles,http://dbpedia.org/resource/History_of_the_Philadelphia_Eagles
499_2,2,158,Miami Dolphins,http://dbpedia.org/resource/History_of_the_Miami_Dolphins
499_2,2,159,Atlanta Falcons,http://dbpedia.org/resource/History_of_the_Atlanta_Falcons
499_2,2,160,Chicago Bears,http://dbpedia.org/resource/History_of_the_Chicago_Bears
499_2,2,161,Ohio State Buckeyes football,http://dbpedia.org/resource/History_of_Ohio_State_Buckeyes_football
499_2,2,162,New York Giants,http://dbpedia.org/resource/History_of_the_New_York_Giants
499_2,2,163,Cleveland Browns,http://dbpedia.org/resource/History_of_the_Cleveland_Browns
499_2,2,164,Cleveland Browns,http://dbpedia.org/resource/History_of_the_Cleveland_Browns
499_2,2,165,New York Giants,http://dbpedia.org/resource/History_of_the_New_York_Giants
499_2,2,166,Pittsburgh Steelers,http://dbpedia.org/resource/History_of_the_Pittsburgh_Steelers
499_2,2,167,Boston Yanks,http://dbpedia.org/resource/1947_Boston_Yanks_season
499_2,2,168,Chicago Cardinals,http://dbpedia.org/resource/History_of_the_Arizona_Cardinals
499_2,2,169,Cincinnati Bengals,http://dbpedia.org/resource/History_of_the_Cincinnati_Bengals
499_2,2,170,Arizona Cardinals,http://dbpedia.org/resource/History_of_the_Arizona_Cardinals
499_2,2,171,New Orleans Saints,http://dbpedia.org/resource/1989_New_Orleans_Saints_season
499_2,2,172,Chicago Bears,http://dbpedia.org/resource/History_of_the_Chicago_Bears
499_2,2,173,Philadelphia Eagles,http://dbpedia.org/resource/History_of_the_Philadelphia_Eagles
499_2,2,174,Baltimore Colts,http://dbpedia.org/resource/History_of_the_Indianapolis_Colts
499_2,2,175,Dallas Cowboys,http://dbpedia.org/resource/History_of_the_Dallas_Cowboys
499_2,2,176,Green Bay Packers,http://dbpedia.org/resource/History_of_the_Green_Bay_Packers
499_2,2,177,Buffalo Bills,http://dbpedia.org/resource/History_of_the_Buffalo_Bills
499_2,2,178,New York Jets,http://dbpedia.org/resource/History_of_the_New_York_Jets
499_2,2,179,Detroit Lions,http://dbpedia.org/resource/History_of_the_Detroit_Lions
499_2,2,180,New York Giants,http://dbpedia.org/resource/History_of_the_New_York_Giants
499_2,2,181,Baltimore Colts,http://dbpedia.org/resource/History_of_the_Indianapolis_Colts
499_2,2,182,Pittsburgh Steelers,http://dbpedia.org/resource/History_of_the_Pittsburgh_Steelers
499_2,2,183,Chicago Bears,http://dbpedia.org/resource/History_of_the_Chicago_Bears
499_2,2,184,Minnesota Vikings,http://dbpedia.org/resource/History_of_the_Minnesota_Vikings
499_2,2,185,Jacksonville Jaguars,http://dbpedia.org/resource/History_of_the_Jacksonville_Jaguars
499_2,2,186,Los Angeles Rams,http://dbpedia.org/resource/1988_Los_Angeles_Rams_season
499_2,2,187,Cleveland Browns,http://dbpedia.org/resource/History_of_the_Cleveland_Browns
499_2,2,188,Philadelphia Eagles,http://dbpedia.org/resource/History_of_the_Philadelphia_Eagles
499_2,2,189,Detroit Lions,http://dbpedia.org/resource/History_of_the_Detroit_Lions
499_2,2,190,Cleveland Browns,http://dbpedia.org/resource/History_of_the_Cleveland_Browns
499_2,2,191,Buffalo Indians,http://dbpedia.org/resource/Vélodrome_Buffalo_and_Stade_Buffalo
499_2,2,192,Boston Patriots,http://dbpedia.org/resource/History_of_the_New_England_Patriots
499_2,2,193,Chicago Bears,http://dbpedia.org/resource/History_of_the_Chicago_Bears
499_2,2,194,Oakland Raiders,http://dbpedia.org/resource/2009_Oakland_Raiders_season
499_2,2,195,Cleveland Browns,http://dbpedia.org/resource/History_of_the_Cleveland_Browns
499_2,2,196,Brooklyn Dodgers,http://dbpedia.org/resource/History_of_the_Brooklyn_Dodgers
499_2,2,197,Green Bay Packers,http://dbpedia.org/resource/History_of_the_Green_Bay_Packers
499_2,2,198,San Francisco 49ers,http://dbpedia.org/resource/History_of_the_San_Francisco_49ers
499_2,2,199,Philadelphia Eagles,http://dbpedia.org/resource/History_of_the_Philadelphia_Eagles
499_2,2,200,Chicago Bears,http://dbpedia.org/resource/History_of_the_Chicago_Bears
