643_1,1,1,"Richwood, West Virginia",http://dbpedia.org/resource/West_Virginia
643_1,1,2,"St. Joseph, Louisiana","http://dbpedia.org/resource/St._Joseph,_Louisiana"
643_1,1,3,"Peterson, Iowa","http://dbpedia.org/resource/Peterson,_Iowa"
643_1,1,4,"Albion, Michigan","http://dbpedia.org/resource/Albion,_Michigan"
643_1,1,5,Pennsylvania,http://dbpedia.org/resource/Pittsburgh
643_1,1,6,"Milton, Ulster County, New York","http://dbpedia.org/resource/Ulster_County,_New_York"
643_1,1,7,"Buffalo, New York","http://dbpedia.org/resource/Buffalo,_New_York"
643_1,1,8,"Massillon, Ohio","http://dbpedia.org/resource/Massillon,_Ohio"
643_1,1,9,Philadelphia,http://dbpedia.org/resource/Philadelphia
643_1,1,10,New York City,http://dbpedia.org/resource/New_York_City
643_1,1,11,"Marissa, Illinois","http://dbpedia.org/resource/Marissa,_Illinois"
643_1,1,12,"Ladoga, Indiana","http://dbpedia.org/resource/Ladoga,_Indiana"
643_1,1,13,Pennsylvania,http://dbpedia.org/resource/Pittsburgh
643_1,1,14,"Mount Carroll, Illinois","http://dbpedia.org/resource/Mount_Carmel,_Illinois"
643_1,1,15,"Maynardville, Tennessee","http://dbpedia.org/resource/Maynardville,_Tennessee"
643_1,1,16,"Childersburg, Alabama","http://dbpedia.org/resource/Childersburg,_Alabama"
643_1,1,17,"Pittsfield, Massachusetts","http://dbpedia.org/resource/Pittsfield,_Massachusetts"
643_1,1,18,"Hattiesburg, Mississippi","http://dbpedia.org/resource/Hattiesburg,_Mississippi"
643_1,1,19,"Glenn, Georgia","http://dbpedia.org/resource/Glenns_(Columbus,_Georgia)"
643_1,1,20,Pennsylvania,http://dbpedia.org/resource/Pittsburgh
643_1,1,21,"Carlinville, Illinois","http://dbpedia.org/resource/Carlinville,_Illinois"
643_1,1,22,"Saluda, North Carolina","http://dbpedia.org/resource/Saluda,_North_Carolina"
643_1,1,23,"Finleyville, Pennsylvania",http://dbpedia.org/resource/Pennsylvania
643_1,1,24,"London, Arkansas","http://dbpedia.org/resource/London,_Arkansas"
643_1,1,25,"Amherst, New Hampshire","http://dbpedia.org/resource/Amherst,_New_Hampshire"
643_1,1,26,"Philadelphia, Pennsylvania",http://dbpedia.org/resource/Philadelphia
643_1,1,27,"New York, New York",http://dbpedia.org/resource/New_York_City
643_1,1,28,"Concord, North Carolina","http://dbpedia.org/resource/Concord,_North_Carolina"
643_1,1,29,"Rockwall, Texas","http://dbpedia.org/resource/Rockwall,_Texas"
643_1,1,30,"Boston, Massachusetts",http://dbpedia.org/resource/Boston
643_1,1,31,"Humboldt, Kansas","http://dbpedia.org/resource/Humboldt,_Kansas"
643_1,1,32,"St. Louis, Missouri",http://dbpedia.org/resource/St._Louis
643_1,1,33,"Cambridge, Massachusetts","http://dbpedia.org/resource/Cambridge,_Massachusetts"
643_1,1,34,New Jersey,"http://dbpedia.org/resource/Newark,_New_Jersey"
643_1,1,35,"Lee's Summit, Missouri","http://dbpedia.org/resource/Lee's_Summit,_Missouri"
643_1,1,36,"Cambridge, Massachusetts","http://dbpedia.org/resource/Cambridge,_Massachusetts"
643_1,1,37,"Yorkshire, England",http://dbpedia.org/resource/Sheffield
643_1,1,38,"Jamestown, New York","http://dbpedia.org/resource/Jamestown,_New_York"
643_1,1,39,"Grand Rapids, Michigan","http://dbpedia.org/resource/Grand_Rapids,_Michigan"
643_1,1,40,"Venice Township, Seneca County, Ohio","http://dbpedia.org/resource/Venice_Township,_Seneca_County,_Ohio"
643_1,1,41,"Rye, New Hampshire","http://dbpedia.org/resource/Claremont,_New_Hampshire"
643_1,1,42,"Plover, Wisconsin","http://dbpedia.org/resource/Plover,_Wisconsin"
643_1,1,43,"Brownwood, Texas","http://dbpedia.org/resource/Brownwood,_Texas"
643_1,1,44,"Chelsea, Massachusetts","http://dbpedia.org/resource/Chelsea,_Massachusetts"
643_1,1,45,"Newark, New Jersey","http://dbpedia.org/resource/Newark,_New_Jersey"
643_1,1,46,"Berlin Center, Michigan","http://dbpedia.org/resource/Byron_Center,_Michigan"
643_1,1,47,"Lafayette, Indiana","http://dbpedia.org/resource/Lafayette,_Indiana"
643_1,1,48,"Altoona, Pennsylvania","http://dbpedia.org/resource/Altoona,_Pennsylvania"
643_1,1,49,"LaSalle, Illinois","http://dbpedia.org/resource/LaSalle,_Illinois"
643_1,1,50,"Dayton, Maryland","http://dbpedia.org/resource/Dayton,_Ohio"
643_1,1,51,"Kenton, Ohio","http://dbpedia.org/resource/Kenton,_Ohio"
643_1,1,52,"St. Louis, Missouri",http://dbpedia.org/resource/St._Louis
643_1,1,53,"Worcester, Massachusetts","http://dbpedia.org/resource/Worcester,_Massachusetts"
643_1,1,54,"Richmond, Virginia","http://dbpedia.org/resource/Richmond,_Virginia"
643_1,1,55,"Saint Paul, Minnesota","http://dbpedia.org/resource/Saint_Paul,_Minnesota"
643_1,1,56,"Spiceland, Indiana","http://dbpedia.org/resource/Spiceland,_Indiana"
643_1,1,57,"Manchester, Iowa",http://dbpedia.org/resource/Manchester
643_1,1,58,Philadelphia,http://dbpedia.org/resource/Philadelphia
643_1,1,59,"Plymouth County, Iowa","http://dbpedia.org/resource/Plymouth_County,_Iowa"
643_1,1,60,"Buffalo, New York","http://dbpedia.org/resource/Buffalo,_New_York"
643_1,1,61,Chicago,http://dbpedia.org/resource/Chicago
643_1,1,62,Chicago,http://dbpedia.org/resource/Chicago
643_1,1,63,"Baltimore, Maryland",http://dbpedia.org/resource/Baltimore
643_1,1,64,Barre,"http://dbpedia.org/resource/Wilkes-Barre,_Pennsylvania"
643_1,1,65,"Fresno, California","http://dbpedia.org/resource/Fresno,_California"
643_1,1,66,"Burlington, Kansas","http://dbpedia.org/resource/Burlington,_Kansas"
643_1,1,67,"Denison, Texas","http://dbpedia.org/resource/Denison,_Texas"
643_1,1,68,"Tucson, Arizona","http://dbpedia.org/resource/Tucson,_Arizona"
643_1,1,69,"Moores Hill, Indiana","http://dbpedia.org/resource/Moores_Hill,_Indiana"
643_1,1,70,"Pottsville, Pennsylvania","http://dbpedia.org/resource/Pottsville,_Pennsylvania"
643_1,1,71,"Baltimore, Maryland",http://dbpedia.org/resource/Baltimore
643_1,1,72,"Hershey, Nebraska","http://dbpedia.org/resource/Hershey,_Nebraska"
643_1,1,73,"Marion, Louisiana","http://dbpedia.org/resource/Marion,_Louisiana"
643_1,1,74,"Moosup, Connecticut","http://dbpedia.org/resource/Stamford,_Connecticut"
643_1,1,75,"Bellevue, Idaho","http://dbpedia.org/resource/Bellevue,_Idaho"
643_1,1,76,"New Summerfield, Texas","http://dbpedia.org/resource/New_Summerfield,_Texas"
643_1,1,77,"St. Louis, Missouri",http://dbpedia.org/resource/St._Louis
643_1,1,78,"Pax, West Virginia",http://dbpedia.org/resource/West_Virginia
643_1,1,79,"Utica, New York","http://dbpedia.org/resource/Utica,_New_York"
643_1,1,80,"Denmark, Tennessee","http://dbpedia.org/resource/Ardmore,_Tennessee"
643_1,1,81,"Harrisburg, Pennsylvania","http://dbpedia.org/resource/Harrisburg,_Pennsylvania"
643_1,1,82,Atlanta,http://dbpedia.org/resource/Atlanta
643_1,1,83,Hawaii,http://dbpedia.org/resource/Honolulu
643_1,1,84,"West Bridgewater, Massachusetts","http://dbpedia.org/resource/West_Bridgewater,_Massachusetts"
643_1,1,85,Philadelphia,http://dbpedia.org/resource/Philadelphia
643_1,1,86,"Cleveland, Ohio",http://dbpedia.org/resource/Cleveland
643_1,1,87,"Lynchburg, Virginia","http://dbpedia.org/resource/Lynchburg,_Virginia"
643_1,1,88,"South Wales, New York","http://dbpedia.org/resource/Wales,_New_York"
643_1,1,89,"Pittsburgh, Pennsylvania",http://dbpedia.org/resource/Pittsburgh
643_1,1,90,"Summerfield, Illinois","http://dbpedia.org/resource/Summerfield,_Kansas"
643_1,1,91,Chicago,http://dbpedia.org/resource/Chicago
643_1,1,92,"Uvalda, Georgia","http://dbpedia.org/resource/Uvalda,_Georgia"
643_1,1,93,Chicago,http://dbpedia.org/resource/Chicago
643_1,1,94,Cincinnati,http://dbpedia.org/resource/Cincinnati
643_1,1,95,"St. Louis, Missouri",http://dbpedia.org/resource/St._Louis
643_1,1,96,"Stonington, Connecticut","http://dbpedia.org/resource/Stonington,_Connecticut"
643_1,1,97,"Turtle Creek, Pennsylvania","http://dbpedia.org/resource/Turtle_Creek,_Pennsylvania"
643_1,1,98,"San Francisco, California",http://dbpedia.org/resource/San_Francisco
643_1,1,99,"Los Angeles, California",http://dbpedia.org/resource/Los_Angeles
643_1,1,100,"Whittier, California","http://dbpedia.org/resource/Whittier,_California"
643_1,1,101,"Lake Charles, Louisiana","http://dbpedia.org/resource/Lake_Charles,_Louisiana"
643_1,1,102,"Baltimore, Maryland",http://dbpedia.org/resource/Baltimore
643_1,1,103,"Oscoda, Michigan","http://dbpedia.org/resource/Oscoda,_Michigan"
643_1,1,104,"Columbus, Ohio","http://dbpedia.org/resource/Columbus,_Ohio"
643_1,1,105,"Chicago Heights, Illinois",http://dbpedia.org/resource/Chicago
643_1,1,106,"Jewett, Texas","http://dbpedia.org/resource/Jewett,_Texas"
643_1,1,107,"Auburn, Maine","http://dbpedia.org/resource/Auburn,_Maine"
643_1,1,108,"Blairs, Virginia","http://dbpedia.org/resource/Blairs,_Virginia"
643_1,1,109,Chicago,http://dbpedia.org/resource/Chicago
643_1,1,110,Philadelphia,http://dbpedia.org/resource/Philadelphia
643_1,1,111,"Ben Hur, Virginia","http://dbpedia.org/resource/Ben_Hur,_California"
643_1,1,112,"Atherton, Missouri","http://dbpedia.org/resource/Atherton,_California"
643_1,1,113,Brooklyn,http://dbpedia.org/resource/Brooklyn
643_1,1,114,"Cooleemee, North Carolina",http://dbpedia.org/resource/North_Carolina
643_1,1,115,"Brooklyn, New York",http://dbpedia.org/resource/New_York_City
643_1,1,116,Kentucky,"http://dbpedia.org/resource/Louisville,_Kentucky"
643_1,1,117,Dominican Republic,"http://dbpedia.org/resource/San_Cristóbal,_Dominican_Republic"
643_1,1,118,"Hollis, Oklahoma","http://dbpedia.org/resource/Hollis,_Oklahoma"
643_1,1,119,"Charles City, Iowa","http://dbpedia.org/resource/Charles_City,_Iowa"
643_1,1,120,"Cambridge, Massachusetts","http://dbpedia.org/resource/Cambridge,_Massachusetts"
643_1,1,121,"Birmingham, Alabama","http://dbpedia.org/resource/Birmingham,_Alabama"
643_1,1,122,"Swain County, North Carolina",http://dbpedia.org/resource/North_Carolina
643_1,1,123,"Oklahoma City, Oklahoma","http://dbpedia.org/resource/Tulsa,_Oklahoma"
643_1,1,124,"Richmond, Virginia","http://dbpedia.org/resource/Richmond,_Virginia"
643_1,1,125,"Batavia, New York","http://dbpedia.org/resource/Batavia,_New_York"
643_1,1,126,Fredericton,http://dbpedia.org/resource/Fredericton
643_1,1,127,"Buffalo, New York","http://dbpedia.org/resource/Buffalo,_New_York"
643_1,1,128,"Lewiston, New York","http://dbpedia.org/resource/Lewiston_(town),_New_York"
643_1,1,129,"Quivicán, Cuba",http://dbpedia.org/resource/Quivicán
643_1,1,130,"Martinez, California","http://dbpedia.org/resource/Martinez,_California"
643_1,1,131,"Osceola, New York","http://dbpedia.org/resource/Osceola,_New_York"
643_1,1,132,"Willisville, Illinois","http://dbpedia.org/resource/Willisville,_Illinois"
643_1,1,133,Alberta,"http://dbpedia.org/resource/Red_Deer,_Alberta"
643_1,1,134,"St. Louis, Missouri",http://dbpedia.org/resource/St._Louis
643_1,1,135,Nizhny Tagil,http://dbpedia.org/resource/Nizhny_Tagil
643_1,1,136,"Los Angeles, California",http://dbpedia.org/resource/Los_Angeles
643_1,1,137,"Cecil County, Maryland","http://dbpedia.org/resource/Cecil_County,_Maryland"
643_1,1,138,"Morrisville, North Carolina",http://dbpedia.org/resource/North_Carolina
643_1,1,139,"Lansing, Michigan","http://dbpedia.org/resource/Lansing,_Michigan"
643_1,1,140,"West Springfield, Massachusetts","http://dbpedia.org/resource/Springfield,_Massachusetts"
643_1,1,141,"Reedley, California","http://dbpedia.org/resource/Reedley,_California"
643_1,1,142,"Bel Air, Maryland","http://dbpedia.org/resource/Bel_Air,_Harford_County,_Maryland"
643_1,1,143,"Eau Claire, Wisconsin","http://dbpedia.org/resource/Eau_Claire,_Wisconsin"
643_1,1,144,"Pensacola, Florida","http://dbpedia.org/resource/Pensacola,_Florida"
643_1,1,145,"Ruston, Louisiana","http://dbpedia.org/resource/Ruston,_Louisiana"
643_1,1,146,"Brownsville, Tennessee","http://dbpedia.org/resource/Brownsville,_Tennessee"
643_1,1,147,"Cale, Indiana","http://dbpedia.org/resource/Cale,_Indiana"
643_1,1,148,"Clemons, Iowa","http://dbpedia.org/resource/Clemons,_Iowa"
643_1,1,149,"McAlister, New Mexico","http://dbpedia.org/resource/McAlister,_New_Mexico"
643_1,1,150,"Wixom, Michigan","http://dbpedia.org/resource/Wixom,_Michigan"
643_1,1,151,"Coleman, Michigan","http://dbpedia.org/resource/Coleman,_Michigan"
643_1,1,152,"Hillsboro, Oregon","http://dbpedia.org/resource/Hillsboro,_Oregon"
643_1,1,153,"Emporia, Virginia","http://dbpedia.org/resource/Emporia,_Virginia"
643_1,1,154,"Kansas City, Missouri","http://dbpedia.org/resource/Kansas_City,_Missouri"
643_1,1,155,"Etna, Pennsylvania","http://dbpedia.org/resource/Etna,_Pennsylvania"
643_1,1,156,"Detroit, Michigan",http://dbpedia.org/resource/Detroit
643_1,1,157,"Everly, Iowa","http://dbpedia.org/resource/Everly,_Iowa"
643_1,1,158,"Clayton, North Carolina","http://dbpedia.org/resource/Clayton,_North_Carolina"
643_1,1,159,"Cairo, Illinois","http://dbpedia.org/resource/Cairo,_Illinois"
643_1,1,160,"Granite Quarry, North Carolina","http://dbpedia.org/resource/Granite_Quarry,_North_Carolina"
643_1,1,161,"Gordo, Alabama","http://dbpedia.org/resource/Gordo,_Alabama"
643_1,1,162,"Chehalis, Washington","http://dbpedia.org/resource/Chehalis,_Washington"
643_1,1,163,"Geneva, Illinois","http://dbpedia.org/resource/Geneva,_Illinois"
643_1,1,164,"Elm City, North Carolina",http://dbpedia.org/resource/North_Carolina
643_1,1,165,"Riverside, Iowa","http://dbpedia.org/resource/Riverside,_California"
643_1,1,166,"Elizabeth, New Jersey","http://dbpedia.org/resource/Jersey_City,_New_Jersey"
643_1,1,167,"East Bend, North Carolina","http://dbpedia.org/resource/Raleigh,_North_Carolina"
643_1,1,168,"Santurce, Puerto Rico","http://dbpedia.org/resource/San_Juan,_Puerto_Rico"
643_1,1,169,"Allen, Oklahoma","http://dbpedia.org/resource/Allen,_Oklahoma"
643_1,1,170,"Washington, D.C.","http://dbpedia.org/resource/Washington,_D.C."
643_1,1,171,New York,http://dbpedia.org/resource/New_York_City
643_1,1,172,"Memphis, Tennessee","http://dbpedia.org/resource/Memphis,_Tennessee"
