"F1: 0.29348","Precision: 0.29348","Recall: 0.29348"
"Col","Row","Value","Submitted URI","Correct URI's"
"2","1","Morden","http://dbpedia.org/resource/Morden_tube_station","http://dbpedia.org/resource/Morden_Urban_District http://dbpedia.org/resource/Morden,_London,_England http://dbpedia.org/resource/Morden"
"2","2","Crystal Palace","http://dbpedia.org/resource/Crystal_Palace_railway_station","http://dbpedia.org/resource/Crystal_Palace,_London,_England http://dbpedia.org/resource/Crystal_Palace_Triangle http://dbpedia.org/resource/Crystal_Palace,_London http://dbpedia.org/resource/Sydenham_Crystal_Palace"
"2","3","Staines Bus Station â\u0080","http://dbpedia.org/resource/Shinjuku_Station","http://dbpedia.org/resource/Staines http://dbpedia.org/resource/Staines,_Middlesex http://dbpedia.org/resource/Stanes http://dbpedia.org/resource/Staines-on-Thames http://dbpedia.org/resource/Staines,_Surrey http://dbpedia.org/resource/Staines,_United_Kingdom http://dbpedia.org/resource/Staines-upon-Thames http://dbpedia.org/resource/Staines-upon-Thames,_England http://dbpedia.org/resource/Staines_upon_Thames"
"2","5","Paddington","http://dbpedia.org/resource/London_Paddington_station","http://dbpedia.org/resource/Tyburnia http://dbpedia.org/resource/Paddington http://dbpedia.org/resource/Paddington,_London,_England http://dbpedia.org/resource/Paddington,_London"
"2","6","Wembley Park The Paddocks","http://dbpedia.org/resource/Wembley_Park_tube_station","http://dbpedia.org/resource/Wembley_Park"
"2","7","Hayes-By-Pass","http://dbpedia.org/resource/Hayes,_Hillingdon","http://dbpedia.org/resource/A3057_road http://dbpedia.org/resource/A3124_road_(Great_Britain) http://dbpedia.org/resource/A_roads_in_Zone_3_of_the_Great_Britain_numbering_scheme http://dbpedia.org/resource/A3088_road_(Great_Britain) http://dbpedia.org/resource/A305_road_(Great_Britain) http://dbpedia.org/resource/A393_road_(Great_Britain) http://dbpedia.org/resource/A3021_road http://dbpedia.org/resource/A3056_road_(Great_Britain) http://dbpedia.org/resource/A319_road_(Great_Britain) http://dbpedia.org/resource/A3024_road_(Great_Britain) http://dbpedia.org/resource/A3102_road http://dbpedia.org/resource/A3051_road_(Great_Britain) http://dbpedia.org/resource/A300_road http://dbpedia.org/resource/Hayes_bypass http://dbpedia.org/resource/A3066_road http://dbpedia.org/resource/A359_road http://dbpedia.org/resource/A391_road_(Great_Britain) http://dbpedia.org/resource/A3072_road http://dbpedia.org/resource/A348_road_(Great_Britain) http://dbpedia.org/resource/A323_road_(Great_Britain) http://dbpedia.org/resource/A3001_road_(Great_Britain) http://dbpedia.org/resource/A3111_road_(Great_Britain) http://dbpedia.org/resource/A3063_road http://dbpedia.org/resource/A3056_road http://dbpedia.org/resource/A341_road_(Great_Britain) http://dbpedia.org/resource/A353_road_(Great_Britain) http://dbpedia.org/resource/A367_road_(Great_Britain) http://dbpedia.org/resource/A394_road http://dbpedia.org/resource/A3021_road_(Great_Britain) http://dbpedia.org/resource/A3028_road http://dbpedia.org/resource/A334_road http://dbpedia.org/resource/A3030_road http://dbpedia.org/resource/A3025_road http://dbpedia.org/resource/A366_road_(Great_Britain) http://dbpedia.org/resource/A378_road_(Great_Britain) http://dbpedia.org/resource/A3216_road_(Great_Britain) http://dbpedia.org/resource/A3082_road_(Great_Britain) http://dbpedia.org/resource/A319_road http://dbpedia.org/resource/A3008_road_(Great_Britain) http://dbpedia.org/resource/A347_road_(Great_Britain) http://dbpedia.org/resource/A3210_road http://dbpedia.org/resource/A305_road http://dbpedia.org/resource/A3010_road http://dbpedia.org/resource/A352_road_(Great_Britain) http://dbpedia.org/resource/A321_road_(Great_Britain) http://dbpedia.org/resource/A3125_road_(Great_Britain) http://dbpedia.org/resource/A3000_road_(Great_Britain) http://dbpedia.org/resource/A3031_road_(Great_Britain) http://dbpedia.org/resource/A377_road_(Great_Britain) http://dbpedia.org/resource/A3095_road http://dbpedia.org/resource/A3044_road http://dbpedia.org/resource/A355_road_(Great_Britain) http://dbpedia.org/resource/A3069_road http://dbpedia.org/resource/A3205_road http://dbpedia.org/resource/A351_road_(Great_Britain) http://dbpedia.org/resource/A3049_road http://dbpedia.org/resource/A3217_road_(Great_Britain) http://dbpedia.org/resource/A3052_road http://dbpedia.org/resource/A373_road http://dbpedia.org/resource/A357_road_(Great_Britain) http://dbpedia.org/resource/A3125_road http://dbpedia.org/resource/A3205_road_(Great_Britain) http://dbpedia.org/resource/A3066 http://dbpedia.org/resource/A3074_road http://dbpedia.org/resource/A387_road_(Great_Britain) http://dbpedia.org/resource/A3078_road http://dbpedia.org/resource/A339_road_(Great_Britain) http://dbpedia.org/resource/A300_road_(Great_Britain) http://dbpedia.org/resource/A3123_road http://dbpedia.org/resource/A3011_road_(Great_Britain) http://dbpedia.org/resource/A3290_road http://dbpedia.org/resource/A3112_road http://dbpedia.org/resource/A3079_road http://dbpedia.org/resource/A326_road http://dbpedia.org/resource/A318_road_(Great_Britain) http://dbpedia.org/resource/A3078_road_(Great_Britain) http://dbpedia.org/resource/A3006_road_(Great_Britain) http://dbpedia.org/resource/A356_road http://dbpedia.org/resource/A3026_road http://dbpedia.org/resource/A315_road_(Great_Britain) http://dbpedia.org/resource/A395_road http://dbpedia.org/resource/A3211_road http://dbpedia.org/resource/A394_road_(Great_Britain) http://dbpedia.org/resource/A3290_road_(Great_Britain) http://dbpedia.org/resource/A366_road http://dbpedia.org/resource/A3113_road_(Great_Britain) http://dbpedia.org/resource/A3050_road_(Great_Britain) http://dbpedia.org/resource/A3121_road_(Great_Britain) http://dbpedia.org/resource/A3063_road_(Great_Britain) http://dbpedia.org/resource/A3026_road_(Great_Britain) http://dbpedia.org/resource/A3210_road_(Great_Britain) http://dbpedia.org/resource/A3094_road_(Great_Britain) http://dbpedia.org/resource/A3020_road http://dbpedia.org/resource/A325_road http://dbpedia.org/resource/A3073_road_(Great_Britain) http://dbpedia.org/resource/A332_road_(Great_Britain) http://dbpedia.org/resource/A3218_road http://dbpedia.org/resource/A324_road_(Great_Britain) http://dbpedia.org/resource/A399_road http://dbpedia.org/resource/A3039_road_(Great_Britain) http://dbpedia.org/resource/A3095_road_(Great_Britain) http://dbpedia.org/resource/A327_road http://dbpedia.org/resource/A3122_road http://dbpedia.org/resource/A3058_road http://dbpedia.org/resource/A3066_road_(Great_Britain) http://dbpedia.org/resource/A339 http://dbpedia.org/resource/A3072_road_(Great_Britain) http://dbpedia.org/resource/A3209_road_(Great_Britain) http://dbpedia.org/resource/A3074_road_(Great_Britain) http://dbpedia.org/resource/A398_road http://dbpedia.org/resource/A3049_road_(Great_Britain) http://dbpedia.org/resource/A3003_road_(Great_Britain) http://dbpedia.org/resource/A3069_road_(Great_Britain) http://dbpedia.org/resource/A3098_road http://dbpedia.org/resource/A3004_road_(Great_Britain) http://dbpedia.org/resource/A3212_road_(Great_Britain) http://dbpedia.org/resource/A3032_road_(Great_Britain) http://dbpedia.org/resource/A376_road http://dbpedia.org/resource/A3033_road_(Great_Britain) http://dbpedia.org/resource/A3015_road http://dbpedia.org/resource/A322_road http://dbpedia.org/resource/A362_road http://dbpedia.org/resource/A385_road http://dbpedia.org/resource/A328_road_(Great_Britain) http://dbpedia.org/resource/A335_road_(Great_Britain) http://dbpedia.org/resource/A317_road http://dbpedia.org/resource/A3020_road_(Great_Britain) http://dbpedia.org/resource/A385_road_(Great_Britain) http://dbpedia.org/resource/A3123_road_(Great_Britain) http://dbpedia.org/resource/A3214_road_(Great_Britain) http://dbpedia.org/resource/A358_road_(Great_Britain) http://dbpedia.org/resource/A3209_road http://dbpedia.org/resource/A313_road_(Great_Britain) http://dbpedia.org/resource/A3124_road http://dbpedia.org/resource/A306_road_(Great_Britain) http://dbpedia.org/resource/A3100_road http://dbpedia.org/resource/A332_(road) http://dbpedia.org/resource/A376_road_(Great_Britain) http://dbpedia.org/resource/A3010_road_(Great_Britain) http://dbpedia.org/resource/A3088_road http://dbpedia.org/resource/A3051_road http://dbpedia.org/resource/A3015_road_(Great_Britain) http://dbpedia.org/resource/A302_road_(Great_Britain) http://dbpedia.org/resource/A3102_road_(Great_Britain) http://dbpedia.org/resource/A348_road http://dbpedia.org/resource/A343_road http://dbpedia.org/resource/A3126_road_(Great_Britain) http://dbpedia.org/resource/A356_road_(Great_Britain) http://dbpedia.org/resource/A3005_road_(Great_Britain) http://dbpedia.org/resource/A3216_road http://dbpedia.org/resource/A317_road_(Great_Britain) http://dbpedia.org/resource/A3219_road_(Great_Britain) http://dbpedia.org/resource/A321_road http://dbpedia.org/resource/A397_road http://dbpedia.org/resource/A3046_road_(Great_Britain) http://dbpedia.org/resource/A-321 http://dbpedia.org/resource/A336_road http://dbpedia.org/resource/A3025_road_(Great_Britain) http://dbpedia.org/resource/A3113_road http://dbpedia.org/resource/A314_road_(Great_Britain) http://dbpedia.org/resource/A347_road http://dbpedia.org/resource/List_of_A_roads_in_Zone_3_of_the_Great_Britain_numbering_scheme http://dbpedia.org/resource/A3059_road_(Great_Britain) http://dbpedia.org/resource/A331_road_(Great_Britain) http://dbpedia.org/resource/A3217_road http://dbpedia.org/resource/A365_road http://dbpedia.org/resource/A3022_road_(Great_Britain) http://dbpedia.org/resource/A312_road http://dbpedia.org/resource/A3122 http://dbpedia.org/resource/A343_road_(Great_Britain) http://dbpedia.org/resource/A377_road http://dbpedia.org/resource/A399_road_(Great_Britain) http://dbpedia.org/resource/A3023_road_(Great_Britain) http://dbpedia.org/resource/A334_road_(Great_Britain) http://dbpedia.org/resource/A353_road http://dbpedia.org/resource/A3211_road_(Great_Britain) http://dbpedia.org/resource/A372_road http://dbpedia.org/resource/A3009_road_(Great_Britain) http://dbpedia.org/resource/A3038_road_(Great_Britain) http://dbpedia.org/resource/A3028_road_(Great_Britain) http://dbpedia.org/resource/A365_road_(Great_Britain) http://dbpedia.org/resource/A3007_road_(Great_Britain) http://dbpedia.org/resource/A336_road_(Great_Britain) http://dbpedia.org/resource/A357_road http://dbpedia.org/resource/A384_road_(Great_Britain) http://dbpedia.org/resource/A3218_road_(Great_Britain) http://dbpedia.org/resource/A3029_road http://dbpedia.org/resource/A3212_road http://dbpedia.org/resource/A3058_road_(Great_Britain) http://dbpedia.org/resource/A3030_road_(Great_Britain) http://dbpedia.org/resource/A367_road http://dbpedia.org/resource/A392_road http://dbpedia.org/resource/A320_road http://dbpedia.org/resource/A3052_road_(Great_Britain) http://dbpedia.org/resource/A3060_road http://dbpedia.org/resource/A330_road_(Great_Britain) http://dbpedia.org/resource/A364_road http://dbpedia.org/resource/A3075_road_(Great_Britain) http://dbpedia.org/resource/A3122_road_(Great_Britain) http://dbpedia.org/resource/A315_road http://dbpedia.org/resource/A3075_road http://dbpedia.org/resource/A327_road_(Great_Britain) http://dbpedia.org/resource/A362_road_(Great_Britain) http://dbpedia.org/resource/A3040_road_(Great_Britain) http://dbpedia.org/resource/A325_road_(Great_Britain) http://dbpedia.org/resource/A3111_road http://dbpedia.org/resource/A3200_road_(Great_Britain) http://dbpedia.org/resource/A358_road http://dbpedia.org/resource/A341_road http://dbpedia.org/resource/A3024_road http://dbpedia.org/resource/A3004_road http://dbpedia.org/resource/A306_road http://dbpedia.org/resource/A3047_road_(Great_Britain) http://dbpedia.org/resource/A3065_road_(Great_Britain) http://dbpedia.org/resource/A389_road http://dbpedia.org/resource/A387_road http://dbpedia.org/resource/A3079_road_(Great_Britain) http://dbpedia.org/resource/A3062_road_(Great_Britain) http://dbpedia.org/resource/A3076_road http://dbpedia.org/resource/A310_road http://dbpedia.org/resource/A3604_road_(Great_Britain) http://dbpedia.org/resource/A3202_road_(Great_Britain) http://dbpedia.org/resource/A335_road http://dbpedia.org/resource/A3013_road_(Great_Britain) http://dbpedia.org/resource/A311_road_(Great_Britain) http://dbpedia.org/resource/A349_road_(Great_Britain) http://dbpedia.org/resource/A352_road http://dbpedia.org/resource/A396_road http://dbpedia.org/resource/A397_road_(Great_Britain) http://dbpedia.org/resource/A389_road_(Great_Britain) http://dbpedia.org/resource/A349_road http://dbpedia.org/resource/A3029_road_(Great_Britain) http://dbpedia.org/resource/A312_road_(Great_Britain) http://dbpedia.org/resource/A320_road_(Great_Britain) http://dbpedia.org/resource/A3013_road http://dbpedia.org/resource/A393_road http://dbpedia.org/resource/A330_road http://dbpedia.org/resource/A392_road_(Great_Britain) http://dbpedia.org/resource/A3083_road_(Great_Britain) http://dbpedia.org/resource/A372_road_(Great_Britain) http://dbpedia.org/resource/A3100_road_(Great_Britain) http://dbpedia.org/resource/A332_road http://dbpedia.org/resource/A3041_road_(Great_Britain) http://dbpedia.org/resource/A324_road http://dbpedia.org/resource/A384_road_(England) http://dbpedia.org/resource/A391_road http://dbpedia.org/resource/A3059_road http://dbpedia.org/resource/A383_road_(England) http://dbpedia.org/resource/A3259_road_(Great_Britain) http://dbpedia.org/resource/A395_road_(Great_Britain) http://dbpedia.org/resource/A3057_road_(Great_Britain) http://dbpedia.org/resource/A3202_road http://dbpedia.org/resource/A3064_road_(Great_Britain) http://dbpedia.org/resource/A3002_road_(Great_Britain) http://dbpedia.org/resource/A3093_road http://dbpedia.org/resource/A3016_road_(Great_Britain) http://dbpedia.org/resource/A3044_road_(Great_Britain) http://dbpedia.org/resource/A3098_road_(Great_Britain) http://dbpedia.org/resource/A3060_road_(Great_Britain) http://dbpedia.org/resource/A3076_road_(Great_Britain) http://dbpedia.org/resource/A359_road_(Great_Britain) http://dbpedia.org/resource/A3003_road http://dbpedia.org/resource/A3112_road_(Great_Britain) http://dbpedia.org/resource/A3093_road_(Great_Britain) http://dbpedia.org/resource/A383_road_(Great_Britain) http://dbpedia.org/resource/A326_road_(Great_Britain) http://dbpedia.org/resource/A310_road_(Great_Britain) http://dbpedia.org/resource/A3027_road_(Great_Britain) http://dbpedia.org/resource/A375_road_(Great_Britain) http://dbpedia.org/resource/A322_road_(Great_Britain) http://dbpedia.org/resource/A318_road http://dbpedia.org/resource/A3219_road http://dbpedia.org/resource/A355_road http://dbpedia.org/resource/A3023_road http://dbpedia.org/resource/A302_road http://dbpedia.org/resource/A328_road http://dbpedia.org/resource/A3035_road_(Great_Britain) http://dbpedia.org/resource/A3082_road http://dbpedia.org/resource/A3022_road http://dbpedia.org/resource/A373_road_(Great_Britain) http://dbpedia.org/resource/A396_road_(Great_Britain)"
"2","8","Orpington","http://dbpedia.org/resource/Orpington_railway_station","http://dbpedia.org/resource/Ramsden,_Kent http://dbpedia.org/resource/Orpington,_England http://dbpedia.org/resource/Orpington_Man http://dbpedia.org/resource/Orpington,_Kent http://dbpedia.org/resource/Ramsden,_Greater_London http://dbpedia.org/resource/Orpington,_London,_England http://dbpedia.org/resource/Orpington"
"2","9","Mortlake Avondale Road","http://dbpedia.org/resource/Washington_State_Route_520","http://dbpedia.org/resource/Mortlake http://dbpedia.org/resource/Stag_Brewery http://dbpedia.org/resource/Mortlake,_London,_England"
"2","10","Finsbury Park","http://dbpedia.org/resource/Finsbury_Park_station","http://dbpedia.org/resource/Finsbury_Park,_London"
"2","11","Hammersmith Upper Bus Station","http://dbpedia.org/resource/Hammersmith_bus_station","http://dbpedia.org/resource/Hamemrsmith http://dbpedia.org/resource/Hammersmith_Mall http://dbpedia.org/resource/Hammersmith http://dbpedia.org/resource/HammersmithLondon_BID http://dbpedia.org/resource/Hammersmith_Road http://dbpedia.org/resource/Hammersmith,_London http://dbpedia.org/resource/Hammersmith_Council http://dbpedia.org/resource/H'smith"
"2","12","Chingford","http://dbpedia.org/resource/Chingford_railway_station","http://dbpedia.org/resource/Chingford http://dbpedia.org/resource/Chingford_Green http://dbpedia.org/resource/Chingford,_London,_England http://dbpedia.org/resource/Chingford,_United_Kingdom"
"2","13","Kingston Fairfield Bus Station","http://dbpedia.org/resource/Fairfield_railway_station,_Melbourne","http://dbpedia.org/resource/Kingston-Upon-Thames http://dbpedia.org/resource/Kingston_on_Thames http://dbpedia.org/resource/Kingston_Upon_Thames,_England http://dbpedia.org/resource/Kingston_Upon_Thames http://dbpedia.org/resource/Kingston-upon-Thames http://dbpedia.org/resource/Kingston-on-Thames http://dbpedia.org/resource/KuT http://dbpedia.org/resource/Kingston_upon_Thames http://dbpedia.org/resource/Kingston,_London,_England http://dbpedia.org/resource/Kingston,_Surrey http://dbpedia.org/resource/The_Royal_Borough_of_Kingston_upon_Thames http://dbpedia.org/resource/Kingston,_London http://dbpedia.org/resource/Kingston-On-Thames"
"2","14","Highgate Village","http://dbpedia.org/resource/Highgate_tube_station","http://dbpedia.org/resource/Highgate,_London,_England http://dbpedia.org/resource/Highgate http://dbpedia.org/resource/Highgate_village http://dbpedia.org/resource/Highgate,_London http://dbpedia.org/resource/Highgate_Village http://dbpedia.org/resource/Highgate_Hill http://dbpedia.org/resource/Highgate,_Middlesex"
"2","15","Yardley Lane Estate Lea Valley Camp Site (Summer only) â\u0080","http://dbpedia.org/resource/Mining","http://dbpedia.org/resource/Chingford http://dbpedia.org/resource/Chingford_Green http://dbpedia.org/resource/Chingford,_London,_England http://dbpedia.org/resource/Chingford,_United_Kingdom"
"2","16","Staines Bus Station â\u0080","http://dbpedia.org/resource/Shinjuku_Station","http://dbpedia.org/resource/Staines http://dbpedia.org/resource/Staines,_Middlesex http://dbpedia.org/resource/Stanes http://dbpedia.org/resource/Staines-on-Thames http://dbpedia.org/resource/Staines,_Surrey http://dbpedia.org/resource/Staines,_United_Kingdom http://dbpedia.org/resource/Staines-upon-Thames http://dbpedia.org/resource/Staines-upon-Thames,_England http://dbpedia.org/resource/Staines_upon_Thames"
"2","17","Waltham Cross â\u0080","http://dbpedia.org/resource/Waltham_Cross_railway_station","http://dbpedia.org/resource/Waltham_Cross"
"2","22","Harrow Bus Station","http://dbpedia.org/resource/Harrow_&_Wealdstone_station","http://dbpedia.org/resource/Harrow_bus_station http://dbpedia.org/resource/Harrow_Bus_Station"
"2","23","St. Raphael's Estate","http://dbpedia.org/resource/Saint-Raphaël,_Var","http://dbpedia.org/resource/St._Raphael's_Estate"
"2","24","Hither Green Station","http://dbpedia.org/resource/Bethnal_Green_tube_station","http://dbpedia.org/resource/Hither_Green_station http://dbpedia.org/resource/Hither_green_station http://dbpedia.org/resource/Hither_green_railway_station http://dbpedia.org/resource/Hither_Green_railway_station"
"2","26","Crystal Palace","http://dbpedia.org/resource/Crystal_Palace_railway_station","http://dbpedia.org/resource/Crystal_Palace,_London,_England http://dbpedia.org/resource/Crystal_Palace_Triangle http://dbpedia.org/resource/Crystal_Palace,_London http://dbpedia.org/resource/Sydenham_Crystal_Palace"
"2","27","Maida Hill Chippenham Gardens","http://dbpedia.org/resource/Maida_Hill_Tunnel","http://dbpedia.org/resource/Maida_Vale http://dbpedia.org/resource/Maida_Vale,_London,_England http://dbpedia.org/resource/Maida_Vale,_England http://dbpedia.org/resource/Maida_Hill"
"2","28","Queen Mary's Hospital","http://dbpedia.org/resource/Queen_Mary's_Hospital,_Sidcup","http://dbpedia.org/resource/Queen_Mary's_Hospital"
"2","29","Upper Walthamstow","http://dbpedia.org/resource/Walthamstow_Central_station","http://dbpedia.org/resource/Upper_Walthamstow"
"2","30","Enfield Chase Station","http://dbpedia.org/resource/Oakwood_tube_station","http://dbpedia.org/resource/Enfield_Chase_railway_station http://dbpedia.org/resource/Enfield_chase_railway_station http://dbpedia.org/resource/Enfield_(London)_railway_station http://dbpedia.org/resource/Enfield_Chase_station"
"2","31","St. Raphael's Estate","http://dbpedia.org/resource/Saint-Raphaël,_Var","http://dbpedia.org/resource/St._Raphael's_Estate"
"2","32","Swanley London Road â\u0080","http://dbpedia.org/resource/Watford_Vicarage_Road_tube_station","http://dbpedia.org/resource/Canada_Heights http://dbpedia.org/resource/Swanley http://dbpedia.org/resource/Swanley_Technology_College"
"2","33","Highgate Wood Sussex Gardens","http://dbpedia.org/resource/Ashurst_Wood","http://dbpedia.org/resource/Highgate_Woods http://dbpedia.org/resource/Highgate_Wood"
"2","34","Sunbury Village Three Fishes â\u0080","http://dbpedia.org/resource/Fishing","http://dbpedia.org/resource/Sunbury,_Middlesex http://dbpedia.org/resource/Lower_Sunbury http://dbpedia.org/resource/Sunbury_on_Thames http://dbpedia.org/resource/Sunbury-On-Thames http://dbpedia.org/resource/Lower-Sunbury http://dbpedia.org/resource/Sunbury_Village http://dbpedia.org/resource/Sunbury-on-Thames"
"2","36","Hounslow Heath","http://dbpedia.org/resource/London_Borough_of_Hounslow","http://dbpedia.org/resource/Hounslow_Heath"
"2","40","Homerton Hospital","http://dbpedia.org/resource/Homerton_railway_station","http://dbpedia.org/resource/Hackney_Hospital http://dbpedia.org/resource/Homerton_University_Hospital"
"2","44","Westerham Green â\u0080 Chartwell Grounds (summer Sundays) â\u0080","http://dbpedia.org/resource/Park","http://dbpedia.org/resource/Westerham"
"2","46","Cranham Moor Lane","http://dbpedia.org/resource/Bolton_bus_station","http://dbpedia.org/resource/Cranham_Parish_Council http://dbpedia.org/resource/Cranham http://dbpedia.org/resource/Bishop's_Ockendon http://dbpedia.org/resource/Upminster_Park_Estate http://dbpedia.org/resource/Cranham_Brick_and_Tile_Company http://dbpedia.org/resource/Cranham,_London,_England"
"2","48","Croydon Katharine Street","http://dbpedia.org/resource/Church_Street_tram_stop","http://dbpedia.org/resource/Croyden http://dbpedia.org/resource/Croydon_BID http://dbpedia.org/resource/Croydon,_London http://dbpedia.org/resource/Croydon,_Surrey http://dbpedia.org/resource/Central_Croydon http://dbpedia.org/resource/Croydon_town_centre http://dbpedia.org/resource/Croydon,_United_Kingdom http://dbpedia.org/resource/Croydon,_London,_England http://dbpedia.org/resource/Ainslie_Park_(Croydon) http://dbpedia.org/resource/Croydon,_England http://dbpedia.org/resource/Croydon"
"2","50","Hornchurch","http://dbpedia.org/resource/Hornchurch_tube_station","http://dbpedia.org/resource/Hornchurch,_England http://dbpedia.org/resource/Hornchurch,_London,_England http://dbpedia.org/resource/Hornchurch_Parish_Council http://dbpedia.org/resource/Hornchurch http://dbpedia.org/resource/Hornchurch_Town http://dbpedia.org/resource/Hornchurch_(parish)"
"2","52","Holloway","http://dbpedia.org/resource/Holloway_Road_tube_station","http://dbpedia.org/resource/Holloway,_United_Kingdom http://dbpedia.org/resource/Holloway,_London http://dbpedia.org/resource/Holloway,_London,_England"
"2","54","St George's Hospital","http://dbpedia.org/resource/St_George's_Hospital","http://dbpedia.org/resource/St_George's_Hospital,_Havering"
"2","57","Edmonton Green","http://dbpedia.org/resource/Edmonton_Green_railway_station","http://dbpedia.org/resource/Edmonton_Green_Shopping_Centre"
"2","58","White City","http://dbpedia.org/resource/Chicago","http://dbpedia.org/resource/White_City,_London,_England http://dbpedia.org/resource/White_City,_London"
"2","59","Princess Royal Hospital","http://dbpedia.org/resource/Princess_Royal_University_Hospital","http://dbpedia.org/resource/Princess_Royal_Hospital_(Haywards_Heath)"
"2","61","Highbury Barn","http://dbpedia.org/resource/Highbury_&_Islington_station","http://dbpedia.org/resource/Highbury,_London,_England http://dbpedia.org/resource/Highbury,_London http://dbpedia.org/resource/Highbury_House http://dbpedia.org/resource/Highbury_Barn http://dbpedia.org/resource/Highbury_Corner http://dbpedia.org/resource/Highbury"
"2","62","Croydon","http://dbpedia.org/resource/Croydon_railway_station,_Melbourne","http://dbpedia.org/resource/Croyden http://dbpedia.org/resource/Croydon_BID http://dbpedia.org/resource/Croydon,_London http://dbpedia.org/resource/Croydon,_Surrey http://dbpedia.org/resource/Central_Croydon http://dbpedia.org/resource/Croydon_town_centre http://dbpedia.org/resource/Croydon,_United_Kingdom http://dbpedia.org/resource/Croydon,_London,_England http://dbpedia.org/resource/Ainslie_Park_(Croydon) http://dbpedia.org/resource/Croydon,_England http://dbpedia.org/resource/Croydon"
"2","63","Tolworth","http://dbpedia.org/resource/Tolworth_railway_station","http://dbpedia.org/resource/Tolworth http://dbpedia.org/resource/Tolworth,_London,_England http://dbpedia.org/resource/Tolworth_Tower"
"2","64","Brent Cross","http://dbpedia.org/resource/Brent_Cross_tube_station","http://dbpedia.org/resource/Brent_Cross_shopping_centre http://dbpedia.org/resource/Brent_Cross http://dbpedia.org/resource/Brent_Cross_Shopping_Centre"
"2","65","Fulwell","http://dbpedia.org/resource/Fulwell_railway_station","http://dbpedia.org/resource/Fullwell,_London http://dbpedia.org/resource/Fulwell,_London http://dbpedia.org/resource/Fulwell,_Middlesex http://dbpedia.org/resource/Fulwell_Park"
"2","66","Finchley Road 02 Centre","http://dbpedia.org/resource/Finchley_Road_tube_station","http://dbpedia.org/resource/Finchley_Road"
"2","67","Bexleyheath","http://dbpedia.org/resource/Bexleyheath_railway_station","http://dbpedia.org/resource/Bexleyheath,_London,_England http://dbpedia.org/resource/Bexly_Heath http://dbpedia.org/resource/Bexley_Heath http://dbpedia.org/resource/Bexleyheath,_Kent http://dbpedia.org/resource/Bexleyheath http://dbpedia.org/resource/Bexlyheath"
"2","69","Moorgate Finsbury Square","nan","http://dbpedia.org/resource/Moorgate http://dbpedia.org/resource/Moor_gate http://dbpedia.org/resource/Moorgate_Street http://dbpedia.org/resource/Bassisshaw_Highwalk http://dbpedia.org/resource/Moorgate_Place"
"2","70","Chiswick","http://dbpedia.org/resource/Chiswick_railway_station","http://dbpedia.org/resource/East_Chiswick http://dbpedia.org/resource/Chiswick http://dbpedia.org/resource/Chiswick,_United_Kingdom http://dbpedia.org/resource/North_Chiswick http://dbpedia.org/resource/Chiswick,_London http://dbpedia.org/resource/Chiswick,_London,_England"
"2","73","Barkingside","http://dbpedia.org/resource/Barkingside_tube_station","http://dbpedia.org/resource/Barkingside"
"2","74","Newham Hospital","http://dbpedia.org/resource/London_Borough_of_Newham","http://dbpedia.org/resource/Newham_General_Hospital http://dbpedia.org/resource/Newham_University_Hospital http://dbpedia.org/resource/East_Ham_Memorial_Hospital http://dbpedia.org/resource/Newham_University_Hospital_NHS_Trust"
"2","76","Waltham Cross â\u0080","http://dbpedia.org/resource/Waltham_Cross_railway_station","http://dbpedia.org/resource/Waltham_Cross"
"2","78","Tolworth Ewell Road","nan","http://dbpedia.org/resource/Tolworth http://dbpedia.org/resource/Tolworth,_London,_England http://dbpedia.org/resource/Tolworth_Tower"
"2","80","Barnes Pond Barnes Wetland Centre (daytime)","http://dbpedia.org/resource/WWT_London_Wetland_Centre","http://dbpedia.org/resource/Barnes_(London_suburb) http://dbpedia.org/resource/Barnes_(London) http://dbpedia.org/resource/Barnes,_Surrey http://dbpedia.org/resource/Barnes_Terrace http://dbpedia.org/resource/Barnes,_London http://dbpedia.org/resource/Barnes,_London,_England"
"2","81","Grove Park","http://dbpedia.org/resource/Grove_Park_railway_station","http://dbpedia.org/resource/Grove_Park,_Lewisham http://dbpedia.org/resource/Grove_Park_Ward"
"2","82","Heathrow Airport","http://dbpedia.org/resource/Heathrow_Central_railway_station","http://dbpedia.org/resource/Heathrow_airport http://dbpedia.org/resource/Heathrow,_London,_England http://dbpedia.org/resource/List_of_airlines_using_London_Heathrow_Airport http://dbpedia.org/resource/London_Heathw http://dbpedia.org/resource/London-Heathrow_Airport http://dbpedia.org/resource/H'row http://dbpedia.org/resource/Airlines_at_heathrow http://dbpedia.org/resource/London_Heathrow_International_Airport http://dbpedia.org/resource/London_Heathrow http://dbpedia.org/resource/London_Heathrow_Airport http://dbpedia.org/resource/Heathrow http://dbpedia.org/resource/Heathrow_London http://dbpedia.org/resource/London_Heathrow_Crashes http://dbpedia.org/resource/Heathrow_International_Airport http://dbpedia.org/resource/Myrtle_Avenue_(UK) http://dbpedia.org/resource/London-Heathrow http://dbpedia.org/resource/Heathrow_Airport http://dbpedia.org/resource/London_Heathrow_airport http://dbpedia.org/resource/LHR_Airport http://dbpedia.org/resource/Heathrow,_London http://dbpedia.org/resource/Myrtle_avenue_(UK) http://dbpedia.org/resource/EGLL http://dbpedia.org/resource/Great_Western_Aerodrome http://dbpedia.org/resource/LHR http://dbpedia.org/resource/Heathrow_Airlines http://dbpedia.org/resource/BAA_Heathrow http://dbpedia.org/resource/Harmondsworth_Aerodrome http://dbpedia.org/resource/London-Heathw http://dbpedia.org/resource/Philip_Sherwood http://dbpedia.org/resource/Egll http://dbpedia.org/resource/Heathrow_(airport) http://dbpedia.org/resource/London_Heathrow_Airport_Terminal_4 http://dbpedia.org/resource/London–Heathrow"
"2","83","Queen Mary's Hospital","http://dbpedia.org/resource/Queen_Mary's_Hospital,_Sidcup","http://dbpedia.org/resource/Queen_Mary's_Hospital"
"2","84","Rainham Abbey Wood Lane","http://dbpedia.org/resource/Abbey_Wood_railway_station","http://dbpedia.org/resource/Rainham,_London,_England http://dbpedia.org/resource/Rainham_(Greater_London) http://dbpedia.org/resource/Rainham_Parish_Council http://dbpedia.org/resource/Rainham,_Greater_London http://dbpedia.org/resource/Rainham,_Essex http://dbpedia.org/resource/Rainham,_Havering http://dbpedia.org/resource/Rainham,_London http://dbpedia.org/resource/Albyns"
"2","86","Purley","http://dbpedia.org/resource/Purley_railway_station","http://dbpedia.org/resource/Purley,_London http://dbpedia.org/resource/Purley,_South_London http://dbpedia.org/resource/Laleham_Lea_Primary_School http://dbpedia.org/resource/Purley,_London,_England http://dbpedia.org/resource/Beaumont_primary_school http://dbpedia.org/resource/Education_in_Purley"
"2","87","Staines Bus Station â\u0080","http://dbpedia.org/resource/Shinjuku_Station","http://dbpedia.org/resource/Staines http://dbpedia.org/resource/Staines,_Middlesex http://dbpedia.org/resource/Stanes http://dbpedia.org/resource/Staines-on-Thames http://dbpedia.org/resource/Staines,_Surrey http://dbpedia.org/resource/Staines,_United_Kingdom http://dbpedia.org/resource/Staines-upon-Thames http://dbpedia.org/resource/Staines-upon-Thames,_England http://dbpedia.org/resource/Staines_upon_Thames"
"2","88","Plumstead","http://dbpedia.org/resource/Plumstead_railway_station","http://dbpedia.org/resource/East_Plumstead http://dbpedia.org/resource/Plumstead_(parish) http://dbpedia.org/resource/Plumstead http://dbpedia.org/resource/Plumstead,_London,_England"
"2","89","Colindale ASDA","http://dbpedia.org/resource/Colindale_tube_station","http://dbpedia.org/resource/Colindale"
"2","91","Havering Park","http://dbpedia.org/resource/London_Borough_of_Havering","http://dbpedia.org/resource/Havering_Country_Park"
"2","92","Ladbroke Grove Sainsbury's","http://dbpedia.org/resource/Ladbroke_Grove_tube_station","http://dbpedia.org/resource/Ladbroke_Grove"
"2","93","Romford","http://dbpedia.org/resource/Romford_railway_station","http://dbpedia.org/resource/Romford,_London,_England http://dbpedia.org/resource/Romford_Town http://dbpedia.org/resource/Romford,_United_Kingdom http://dbpedia.org/resource/Romford,_England http://dbpedia.org/resource/Romford,_London http://dbpedia.org/resource/Romford,_Essex http://dbpedia.org/resource/Romford_Urban http://dbpedia.org/resource/Romford_Canal http://dbpedia.org/resource/Romford http://dbpedia.org/resource/New_Romford http://dbpedia.org/resource/Romford_Canal_Act_1875"
"2","94","Willesden Bus Garage","http://dbpedia.org/resource/Wythenshawe_Bus_Garage","http://dbpedia.org/resource/Willesden,_Middlesex http://dbpedia.org/resource/Willesden http://dbpedia.org/resource/Willesden,_United_Kingdom http://dbpedia.org/resource/Willesden,_London,_England http://dbpedia.org/resource/East_Twyford http://dbpedia.org/resource/Willesden_Green"
