List_of_places_in_Pennsylvania:_C#0_0,0,3,Cabot,"http://dbpedia.org/resource/Cabot,_Vermont"
List_of_places_in_Pennsylvania:_C#0_0,0,4,Cacoosing,"http://dbpedia.org/resource/Cacoosing,_Pennsylvania"
List_of_places_in_Pennsylvania:_C#0_0,0,6,Cadogan Township,"http://dbpedia.org/resource/Cadogan_Township,_Armstrong_County,_Pennsylvania"
List_of_places_in_Pennsylvania:_C#0_0,0,7,Cadogan,"http://dbpedia.org/resource/Cadogan_Township,_Armstrong_County,_Pennsylvania"
List_of_places_in_Pennsylvania:_C#0_0,0,8,Caernarvon Township,"http://dbpedia.org/resource/Caernarvon_Township,_Lancaster_County,_Pennsylvania"
List_of_places_in_Pennsylvania:_C#0_0,0,9,Caernarvon Township,"http://dbpedia.org/resource/Caernarvon_Township,_Lancaster_County,_Pennsylvania"
List_of_places_in_Pennsylvania:_C#0_0,0,11,Cairnbrook,"http://dbpedia.org/resource/Cairnbrook,_Pennsylvania"
List_of_places_in_Pennsylvania:_C#0_0,0,17,California,"http://dbpedia.org/resource/California,_Pennsylvania"
List_of_places_in_Pennsylvania:_C#0_0,0,21,Callensburg,"http://dbpedia.org/resource/Callensburg,_Pennsylvania"
List_of_places_in_Pennsylvania:_C#0_0,0,22,Callery,"http://dbpedia.org/resource/Callery,_Pennsylvania"
List_of_places_in_Pennsylvania:_C#0_0,0,23,Callimont,"http://dbpedia.org/resource/Callimont,_Pennsylvania"
List_of_places_in_Pennsylvania:_C#0_0,0,24,Caln,"http://dbpedia.org/resource/Caln_Township,_Chester_County,_Pennsylvania"
List_of_places_in_Pennsylvania:_C#0_0,0,25,Caln Township,"http://dbpedia.org/resource/Caln_Township,_Chester_County,_Pennsylvania"
List_of_places_in_Pennsylvania:_C#0_0,0,26,Caln Meeting House,http://dbpedia.org/resource/Caln_Meeting_House
List_of_places_in_Pennsylvania:_C#0_0,0,27,Calumet,"http://dbpedia.org/resource/Calumet,_Pennsylvania"
List_of_places_in_Pennsylvania:_C#0_0,0,28,Calumet-Norvelt,"http://dbpedia.org/resource/Calumet-Norvelt,_Pennsylvania"
List_of_places_in_Pennsylvania:_C#0_0,0,34,Cambria Township,"http://dbpedia.org/resource/Cambria_Township,_Cambria_County,_Pennsylvania"
List_of_places_in_Pennsylvania:_C#0_0,0,38,Cambridge Township,"http://dbpedia.org/resource/Cambridge_Township,_Crawford_County,_Pennsylvania"
List_of_places_in_Pennsylvania:_C#0_0,0,39,Cambridge Springs,http://dbpedia.org/resource/Cambridge
List_of_places_in_Pennsylvania:_C#0_0,0,44,Cammal,"http://dbpedia.org/resource/Cammal,_Pennsylvania"
List_of_places_in_Pennsylvania:_C#0_0,0,47,Campbelltown,"http://dbpedia.org/resource/Campbelltown,_Pennsylvania"
List_of_places_in_Pennsylvania:_C#0_0,0,52,Camp Hill,"http://dbpedia.org/resource/Camp_Hill,_Pennsylvania"
List_of_places_in_Pennsylvania:_C#0_0,0,53,Camp Hill,"http://dbpedia.org/resource/Camp_Hill,_Pennsylvania"
List_of_places_in_Pennsylvania:_C#0_0,0,60,Canaan Township,"http://dbpedia.org/resource/Canaan_Township,_Wayne_County,_Pennsylvania"
List_of_places_in_Pennsylvania:_C#0_0,0,62,Canadensis,http://dbpedia.org/resource/Camp_Canadensis
List_of_places_in_Pennsylvania:_C#0_0,0,63,Canadohta Lake,"http://dbpedia.org/resource/Canadohta_Lake,_Pennsylvania"
List_of_places_in_Pennsylvania:_C#0_0,0,64,Canal Township,"http://dbpedia.org/resource/Canal_Township,_Venango_County,_Pennsylvania"
List_of_places_in_Pennsylvania:_C#0_0,0,70,Cannelton,"http://dbpedia.org/resource/Cannelton,_Indiana"
List_of_places_in_Pennsylvania:_C#0_0,0,71,Canoe Township,"http://dbpedia.org/resource/Canoe_Township,_Indiana_County,_Pennsylvania"
List_of_places_in_Pennsylvania:_C#0_0,0,73,Canoe Creek,"http://dbpedia.org/resource/Canoe_Creek_Township,_Rock_Island_County,_Illinois"
List_of_places_in_Pennsylvania:_C#0_0,0,76,Canonsburg,"http://dbpedia.org/resource/Canonsburg,_Pennsylvania"
List_of_places_in_Pennsylvania:_C#0_0,0,77,Canton,"http://dbpedia.org/resource/Canton,_Michigan"
List_of_places_in_Pennsylvania:_C#0_0,0,78,Canton Township,"http://dbpedia.org/resource/Canton_Township,_Washington_County,_Pennsylvania"
List_of_places_in_Pennsylvania:_C#0_0,0,81,Caprivi,http://dbpedia.org/resource/Zambezi_Region
List_of_places_in_Pennsylvania:_C#0_0,0,84,Carbon Township,"http://dbpedia.org/resource/Carbon_Township,_Huntingdon_County,_Pennsylvania"
List_of_places_in_Pennsylvania:_C#0_0,0,88,Carbondale,"http://dbpedia.org/resource/Carbondale,_Indiana"
List_of_places_in_Pennsylvania:_C#0_0,0,89,Carbondale Township,"http://dbpedia.org/resource/Carbondale_Township,_Lackawanna_County,_Pennsylvania"
List_of_places_in_Pennsylvania:_C#0_0,0,95,Carlisle,"http://dbpedia.org/resource/Carlisle,_Pennsylvania"
List_of_places_in_Pennsylvania:_C#0_0,0,96,Carlisle Barracks,"http://dbpedia.org/resource/Carlisle,_Arkansas"
List_of_places_in_Pennsylvania:_C#0_0,0,103,Carmichaels,"http://dbpedia.org/resource/Carmichael,_California"
List_of_places_in_Pennsylvania:_C#0_0,0,105,Carnegie,"http://dbpedia.org/resource/Carnegie,_Pennsylvania"
List_of_places_in_Pennsylvania:_C#0_0,0,107,Carnot,"http://dbpedia.org/resource/Carnot-Moon,_Pennsylvania"
List_of_places_in_Pennsylvania:_C#0_0,0,108,Carnot-Moon,"http://dbpedia.org/resource/Carnot-Moon,_Pennsylvania"
List_of_places_in_Pennsylvania:_C#0_0,0,119,Carroll Township,"http://dbpedia.org/resource/Carroll_Township,_Washington_County,_Pennsylvania"
List_of_places_in_Pennsylvania:_C#0_0,0,120,Carroll Township,"http://dbpedia.org/resource/Carroll_Township,_Washington_County,_Pennsylvania"
List_of_places_in_Pennsylvania:_C#0_0,0,121,Carroll Township,"http://dbpedia.org/resource/Carroll_Township,_Washington_County,_Pennsylvania"
List_of_places_in_Pennsylvania:_C#0_0,0,123,Carroll Park,"http://dbpedia.org/resource/Carroll_Park,_Philadelphia"
List_of_places_in_Pennsylvania:_C#0_0,0,124,Carrolltown,"http://dbpedia.org/resource/Carrolltown,_Pennsylvania"
List_of_places_in_Pennsylvania:_C#0_0,0,125,Carrolltown,"http://dbpedia.org/resource/Carrolltown,_Pennsylvania"
List_of_places_in_Pennsylvania:_C#0_0,0,126,Carroll Valley,"http://dbpedia.org/resource/Carroll_Valley,_Pennsylvania"
List_of_places_in_Pennsylvania:_C#0_0,0,129,Carsonville,"http://dbpedia.org/resource/Carsonville,_Michigan"
List_of_places_in_Pennsylvania:_C#0_0,0,135,Carversville,"http://dbpedia.org/resource/Carversville,_Pennsylvania"
List_of_places_in_Pennsylvania:_C#0_0,0,138,Cascade Township,"http://dbpedia.org/resource/Cascade_Township,_Lycoming_County,_Pennsylvania"
List_of_places_in_Pennsylvania:_C#0_0,0,142,Cashtown,"http://dbpedia.org/resource/Cashtown-McKnightstown,_Pennsylvania"
List_of_places_in_Pennsylvania:_C#0_0,0,144,Cashtown-McKnightstown,"http://dbpedia.org/resource/Cashtown-McKnightstown,_Pennsylvania"
List_of_places_in_Pennsylvania:_C#0_0,0,146,Cass Township,"http://dbpedia.org/resource/Cass_Township,_Schuylkill_County,_Pennsylvania"
List_of_places_in_Pennsylvania:_C#0_0,0,147,Cass Township,"http://dbpedia.org/resource/Cass_Township,_Schuylkill_County,_Pennsylvania"
List_of_places_in_Pennsylvania:_C#0_0,0,148,Cassandra,"http://dbpedia.org/resource/Cassandra,_Pennsylvania"
List_of_places_in_Pennsylvania:_C#0_0,0,149,Casselman,"http://dbpedia.org/resource/Casselman,_Pennsylvania"
List_of_places_in_Pennsylvania:_C#0_0,0,150,Cassville,"http://dbpedia.org/resource/Cassville,_West_Virginia"
List_of_places_in_Pennsylvania:_C#0_0,0,151,Castanea Township,"http://dbpedia.org/resource/Castanea_Township,_Clinton_County,_Pennsylvania"
List_of_places_in_Pennsylvania:_C#0_0,0,152,Castanea,"http://dbpedia.org/resource/Castanea,_Pennsylvania"
List_of_places_in_Pennsylvania:_C#0_0,0,159,Castle Shannon,"http://dbpedia.org/resource/Castle_Shannon,_Pennsylvania"
List_of_places_in_Pennsylvania:_C#0_0,0,164,Catasauqua,"http://dbpedia.org/resource/Catasauqua,_Pennsylvania"
List_of_places_in_Pennsylvania:_C#0_0,0,165,Catawissa,"http://dbpedia.org/resource/Catawissa_Township,_Columbia_County,_Pennsylvania"
List_of_places_in_Pennsylvania:_C#0_0,0,166,Catawissa Township,"http://dbpedia.org/resource/Catawissa_Township,_Columbia_County,_Pennsylvania"
List_of_places_in_Pennsylvania:_C#0_0,0,169,Catharine Township,"http://dbpedia.org/resource/Catharine_Township,_Blair_County,_Pennsylvania"
List_of_places_in_Pennsylvania:_C#0_0,0,174,Cecil,"http://dbpedia.org/resource/Cecil,_Ohio"
List_of_places_in_Pennsylvania:_C#0_0,0,175,Cecil Township,"http://dbpedia.org/resource/Cecil_Township,_Washington_County,_Pennsylvania"
List_of_places_in_Pennsylvania:_C#0_0,0,176,Cecil-Bishop,"http://dbpedia.org/resource/Cecil-Bishop,_Pennsylvania"
List_of_places_in_Pennsylvania:_C#0_0,0,177,Cedarbrook,"http://dbpedia.org/resource/Cedarbrook,_California"
List_of_places_in_Pennsylvania:_C#0_0,0,193,Cedar Run,"http://dbpedia.org/resource/Cedar_Run,_Pennsylvania"
List_of_places_in_Pennsylvania:_C#0_0,0,198,Cementon,"http://dbpedia.org/resource/Cementon,_Pennsylvania"
List_of_places_in_Pennsylvania:_C#0_0,0,203,Center Township,"http://dbpedia.org/resource/Center_Township,_Greene_County,_Pennsylvania"
List_of_places_in_Pennsylvania:_C#0_0,0,204,Center Township,"http://dbpedia.org/resource/Center_Township,_Greene_County,_Pennsylvania"
List_of_places_in_Pennsylvania:_C#0_0,0,205,Center Township,"http://dbpedia.org/resource/Center_Township,_Greene_County,_Pennsylvania"
List_of_places_in_Pennsylvania:_C#0_0,0,206,Center Township,"http://dbpedia.org/resource/Center_Township,_Greene_County,_Pennsylvania"
List_of_places_in_Pennsylvania:_C#0_0,0,209,Center Township,"http://dbpedia.org/resource/Center_Township,_Greene_County,_Pennsylvania"
List_of_places_in_Pennsylvania:_C#0_0,0,210,Center Bridge,"http://dbpedia.org/resource/Radcliffe,_Greater_Manchester"
List_of_places_in_Pennsylvania:_C#0_0,0,215,Center Point,"http://dbpedia.org/resource/Center_Point,_Alabama"
List_of_places_in_Pennsylvania:_C#0_0,0,216,Centerport,"http://dbpedia.org/resource/Centerport,_New_York"
List_of_places_in_Pennsylvania:_C#0_0,0,225,Center Valley,"http://dbpedia.org/resource/Center_Valley,_Pennsylvania"
List_of_places_in_Pennsylvania:_C#0_0,0,228,Centerville,"http://dbpedia.org/resource/Centreville,_Virginia"
List_of_places_in_Pennsylvania:_C#0_0,0,231,Centerville,"http://dbpedia.org/resource/Centreville,_Virginia"
List_of_places_in_Pennsylvania:_C#0_0,0,239,Central City,http://dbpedia.org/resource/New_York_City
List_of_places_in_Pennsylvania:_C#0_0,0,241,Centralia,"http://dbpedia.org/resource/Centralia,_Pennsylvania"
List_of_places_in_Pennsylvania:_C#0_0,0,242,Central Manor,"http://dbpedia.org/resource/Central_Manor,_Pennsylvania"
List_of_places_in_Pennsylvania:_C#0_0,0,243,Central Oak Heights,"http://dbpedia.org/resource/Park_Heights,_Baltimore"
List_of_places_in_Pennsylvania:_C#0_0,0,246,Centre Township,"http://dbpedia.org/resource/Centre_Township,_Perry_County,_Pennsylvania"
List_of_places_in_Pennsylvania:_C#0_0,0,249,Centre Township,"http://dbpedia.org/resource/Centre_Township,_Perry_County,_Pennsylvania"
List_of_places_in_Pennsylvania:_C#0_0,0,250,Centre Township,"http://dbpedia.org/resource/Centre_Township,_Perry_County,_Pennsylvania"
List_of_places_in_Pennsylvania:_C#0_0,0,251,Centre Hall,"http://dbpedia.org/resource/Centre_Hall,_Pennsylvania"
List_of_places_in_Pennsylvania:_C#0_0,0,257,Ceres Township,"http://dbpedia.org/resource/Ceres_Township,_McKean_County,_Pennsylvania"
List_of_places_in_Pennsylvania:_C#0_0,0,259,Cetronia,"http://dbpedia.org/resource/Cetronia,_Pennsylvania"
List_of_places_in_Pennsylvania:_C#0_0,0,260,Ceylon,"http://dbpedia.org/resource/Ceylon,_Minnesota"
List_of_places_in_Pennsylvania:_C#0_0,0,261,Chadds Ford,"http://dbpedia.org/resource/Chadds_Ford_Township,_Delaware_County,_Pennsylvania"
List_of_places_in_Pennsylvania:_C#0_0,0,262,Chadds Ford Township,"http://dbpedia.org/resource/Chadds_Ford_Township,_Delaware_County,_Pennsylvania"
List_of_places_in_Pennsylvania:_C#0_0,0,269,Chalfant,"http://dbpedia.org/resource/Chalfant,_Pennsylvania"
List_of_places_in_Pennsylvania:_C#0_0,0,270,Chalfont,http://dbpedia.org/resource/Chalfont_St_Giles
List_of_places_in_Pennsylvania:_C#0_0,0,271,Chalkhill,"http://dbpedia.org/resource/Chalkhill,_Pennsylvania"
List_of_places_in_Pennsylvania:_C#0_0,0,274,Chambersburg,"http://dbpedia.org/resource/Chambersburg,_Pennsylvania"
List_of_places_in_Pennsylvania:_C#0_0,0,277,Chambersville,"http://dbpedia.org/resource/Chambersville,_Texas"
List_of_places_in_Pennsylvania:_C#0_0,0,281,Champion,"http://dbpedia.org/resource/Champion,_New_York"
List_of_places_in_Pennsylvania:_C#0_0,0,282,Champion,"http://dbpedia.org/resource/Champion,_New_York"
List_of_places_in_Pennsylvania:_C#0_0,0,283,Chanceford Township,"http://dbpedia.org/resource/Chanceford_Township,_York_County,_Pennsylvania"
List_of_places_in_Pennsylvania:_C#0_0,0,286,Chaneysville,"http://dbpedia.org/resource/Chaneysville,_Pennsylvania"
List_of_places_in_Pennsylvania:_C#0_0,0,287,Chapel,http://dbpedia.org/resource/Chapel-en-le-Frith
List_of_places_in_Pennsylvania:_C#0_0,0,290,Chapman Township,"http://dbpedia.org/resource/Chapman_Township,_Clinton_County,_Pennsylvania"
List_of_places_in_Pennsylvania:_C#0_0,0,292,Chapman,"http://dbpedia.org/resource/Chapman,_Pennsylvania"
List_of_places_in_Pennsylvania:_C#0_0,0,294,Chapman Township,"http://dbpedia.org/resource/Chapman_Township,_Clinton_County,_Pennsylvania"
List_of_places_in_Pennsylvania:_C#0_0,0,297,Chapmanville,"http://dbpedia.org/resource/Plum_Township,_Venango_County,_Pennsylvania"
List_of_places_in_Pennsylvania:_C#0_0,0,298,Charleroi,http://dbpedia.org/resource/Charleroi
List_of_places_in_Pennsylvania:_C#0_0,0,301,Charleston Township,"http://dbpedia.org/resource/Charleston_Township,_Tioga_County,_Pennsylvania"
List_of_places_in_Pennsylvania:_C#0_0,0,304,Charlestown Township,"http://dbpedia.org/resource/Charlestown_Township,_Chester_County,_Pennsylvania"
List_of_places_in_Pennsylvania:_C#0_0,0,317,Chartiers,"http://dbpedia.org/resource/Chartiers_Township,_Washington_County,_Pennsylvania"
List_of_places_in_Pennsylvania:_C#0_0,0,318,Chartiers Township,"http://dbpedia.org/resource/Chartiers_Township,_Washington_County,_Pennsylvania"
List_of_places_in_Pennsylvania:_C#0_0,0,320,Chase,"http://dbpedia.org/resource/Chase,_Kansas"
List_of_places_in_Pennsylvania:_C#0_0,0,321,Chatham,"http://dbpedia.org/resource/Chatham_Township,_New_Jersey"
List_of_places_in_Pennsylvania:_C#0_0,0,322,Chatham Township,"http://dbpedia.org/resource/Chatham_Township,_Tioga_County,_Pennsylvania"
List_of_places_in_Pennsylvania:_C#0_0,0,330,Chelsea,"http://dbpedia.org/resource/Chelsea,_Massachusetts"
List_of_places_in_Pennsylvania:_C#0_0,0,332,Cheltenham,"http://dbpedia.org/resource/Cheltenham_Township,_Montgomery_County,_Pennsylvania"
List_of_places_in_Pennsylvania:_C#0_0,0,333,Cheltenham Township,"http://dbpedia.org/resource/Cheltenham_Township,_Montgomery_County,_Pennsylvania"
List_of_places_in_Pennsylvania:_C#0_0,0,336,Chemung,"http://dbpedia.org/resource/Chemung_Township,_McHenry_County,_Illinois"
List_of_places_in_Pennsylvania:_C#0_0,0,338,Cherry Township,"http://dbpedia.org/resource/Cherry_Township,_Sullivan_County,_Pennsylvania"
List_of_places_in_Pennsylvania:_C#0_0,0,339,Cherry Township,"http://dbpedia.org/resource/Cherry_Township,_Sullivan_County,_Pennsylvania"
List_of_places_in_Pennsylvania:_C#0_0,0,346,Cherry Grove Township,"http://dbpedia.org/resource/Cherry_Grove_Township,_Warren_County,_Pennsylvania"
List_of_places_in_Pennsylvania:_C#0_0,0,348,Cherryhill Township,"http://dbpedia.org/resource/Cherryhill_Township,_Indiana_County,_Pennsylvania"
List_of_places_in_Pennsylvania:_C#0_0,0,353,Cherry Ridge Township,"http://dbpedia.org/resource/Cherry_Ridge_Township,_Wayne_County,_Pennsylvania"
List_of_places_in_Pennsylvania:_C#0_0,0,359,Cherry Tree,"http://dbpedia.org/resource/Cherry_Tree,_Pennsylvania"
List_of_places_in_Pennsylvania:_C#0_0,0,361,Cherrytree Township,"http://dbpedia.org/resource/Cherrytree_Township,_Venango_County,_Pennsylvania"
List_of_places_in_Pennsylvania:_C#0_0,0,363,Cherry Valley,"http://dbpedia.org/resource/Cherry_Valley_Township,_Winnebago_County,_Illinois"
List_of_places_in_Pennsylvania:_C#0_0,0,365,Cherryville,"http://dbpedia.org/resource/Cherryville,_Pennsylvania"
List_of_places_in_Pennsylvania:_C#0_0,0,368,Chest Township,"http://dbpedia.org/resource/Chest_Township,_Cambria_County,_Pennsylvania"
List_of_places_in_Pennsylvania:_C#0_0,0,369,Chest Township,"http://dbpedia.org/resource/Chest_Township,_Cambria_County,_Pennsylvania"
List_of_places_in_Pennsylvania:_C#0_0,0,370,Chester,"http://dbpedia.org/resource/Chester,_Virginia"
List_of_places_in_Pennsylvania:_C#0_0,0,371,Chesterbrook,"http://dbpedia.org/resource/Chesterbrook,_Pennsylvania"
List_of_places_in_Pennsylvania:_C#0_0,0,373,Chester Heights,"http://dbpedia.org/resource/Chester,_Pennsylvania"
List_of_places_in_Pennsylvania:_C#0_0,0,374,Chester Hill,"http://dbpedia.org/resource/Chester,_Pennsylvania"
List_of_places_in_Pennsylvania:_C#0_0,0,376,Chester Springs,"http://dbpedia.org/resource/Chester,_Pennsylvania"
List_of_places_in_Pennsylvania:_C#0_0,0,377,Chester Township Township,"http://dbpedia.org/resource/Chester_Township,_Delaware_County,_Pennsylvania"
List_of_places_in_Pennsylvania:_C#0_0,0,379,Chesterville,"http://dbpedia.org/resource/Chesterville,_Ohio"
List_of_places_in_Pennsylvania:_C#0_0,0,386,Chestnuthill Township,"http://dbpedia.org/resource/Chestnuthill_Township,_Monroe_County,_Pennsylvania"
List_of_places_in_Pennsylvania:_C#0_0,0,388,Chestnut Hill,"http://dbpedia.org/resource/Chestnut_Hill,_Massachusetts"
List_of_places_in_Pennsylvania:_C#0_0,0,394,Chest Springs,"http://dbpedia.org/resource/Chest_Springs,_Pennsylvania"
List_of_places_in_Pennsylvania:_C#0_0,0,395,Cheswick,"http://dbpedia.org/resource/Cheswick,_Pennsylvania"
List_of_places_in_Pennsylvania:_C#0_0,0,396,Chevy Chase Heights,"http://dbpedia.org/resource/Chevy_Chase_Heights,_Pennsylvania"
List_of_places_in_Pennsylvania:_C#0_0,0,397,Chewton,"http://dbpedia.org/resource/Chewton,_Pennsylvania"
List_of_places_in_Pennsylvania:_C#0_0,0,398,Cheyney,"http://dbpedia.org/resource/Cheyney,_Pennsylvania"
List_of_places_in_Pennsylvania:_C#0_0,0,399,Cheyney,"http://dbpedia.org/resource/Cheyney,_Pennsylvania"
List_of_places_in_Pennsylvania:_C#0_0,0,404,Chicora,"http://dbpedia.org/resource/Chicora,_Pennsylvania"
List_of_places_in_Pennsylvania:_C#0_0,0,409,Chinchilla,"http://dbpedia.org/resource/Chinchilla,_Pennsylvania"
List_of_places_in_Pennsylvania:_C#0_0,0,410,Chippewa Township,"http://dbpedia.org/resource/Chippewa_Township,_Beaver_County,_Pennsylvania"
List_of_places_in_Pennsylvania:_C#0_0,0,411,Chippewa,"http://dbpedia.org/resource/Chippewa_Township,_Beaver_County,_Pennsylvania"
List_of_places_in_Pennsylvania:_C#0_0,0,413,Choconut Township,"http://dbpedia.org/resource/Choconut_Township,_Susquehanna_County,_Pennsylvania"
List_of_places_in_Pennsylvania:_C#0_0,0,414,Christiana,"http://dbpedia.org/resource/Wilmington,_Delaware"
List_of_places_in_Pennsylvania:_C#0_0,0,415,Christian Springs,"http://dbpedia.org/resource/Christian_Springs,_Pennsylvania"
List_of_places_in_Pennsylvania:_C#0_0,0,430,Churchill,"http://dbpedia.org/resource/Churchill,_Manitoba"
List_of_places_in_Pennsylvania:_C#0_0,0,433,Churchtown,"http://dbpedia.org/resource/Churchtown,_Pennsylvania"
List_of_places_in_Pennsylvania:_C#0_0,0,435,Churchville,"http://dbpedia.org/resource/Churchville,_Pennsylvania"
List_of_places_in_Pennsylvania:_C#0_0,0,443,Claghorn,
List_of_places_in_Pennsylvania:_C#0_0,0,444,Clairton,"http://dbpedia.org/resource/Clairton,_Pennsylvania"
List_of_places_in_Pennsylvania:_C#0_0,0,446,Clamtown,"http://dbpedia.org/resource/Clamtown,_Pennsylvania"
List_of_places_in_Pennsylvania:_C#0_0,0,452,Clara Township,"http://dbpedia.org/resource/Clara_Township,_Potter_County,_Pennsylvania"
List_of_places_in_Pennsylvania:_C#0_0,0,453,Clarence,"http://dbpedia.org/resource/Clarence,_Iowa"
List_of_places_in_Pennsylvania:_C#0_0,0,454,Clarendon,"http://dbpedia.org/resource/Clarendon,_Vermont"
List_of_places_in_Pennsylvania:_C#0_0,0,457,Clarington,"http://dbpedia.org/resource/Clarington,_Ohio"
List_of_places_in_Pennsylvania:_C#0_0,0,458,Clarion,"http://dbpedia.org/resource/Clarion_Township,_Clarion_County,_Pennsylvania"
List_of_places_in_Pennsylvania:_C#0_0,0,459,Clarion Township,"http://dbpedia.org/resource/Clarion_Township,_Clarion_County,_Pennsylvania"
List_of_places_in_Pennsylvania:_C#0_0,0,462,Clark,"http://dbpedia.org/resource/Clark_County,_South_Dakota"
List_of_places_in_Pennsylvania:_C#0_0,0,464,Clarksburg,"http://dbpedia.org/resource/Clarksburg,_Pennsylvania"
List_of_places_in_Pennsylvania:_C#0_0,0,465,Clarks Green,"http://dbpedia.org/resource/Clarks_Green,_Pennsylvania"
List_of_places_in_Pennsylvania:_C#0_0,0,467,Clarks Summit,"http://dbpedia.org/resource/Clarks_Summit,_Pennsylvania"
List_of_places_in_Pennsylvania:_C#0_0,0,468,Clarkstown,"http://dbpedia.org/resource/Clarkstown,_New_York"
List_of_places_in_Pennsylvania:_C#0_0,0,469,Clarksville,"http://dbpedia.org/resource/Clarksville,_Indiana"
List_of_places_in_Pennsylvania:_C#0_0,0,474,Clay Township,"http://dbpedia.org/resource/Clay_Township,_Butler_County,_Pennsylvania"
List_of_places_in_Pennsylvania:_C#0_0,0,475,Clay Township,"http://dbpedia.org/resource/Clay_Township,_Butler_County,_Pennsylvania"
List_of_places_in_Pennsylvania:_C#0_0,0,476,Clay,"http://dbpedia.org/resource/Clay_Township,_Michigan"
List_of_places_in_Pennsylvania:_C#0_0,0,477,Clay Township,"http://dbpedia.org/resource/Clay_Township,_Butler_County,_Pennsylvania"
List_of_places_in_Pennsylvania:_C#0_0,0,482,Claysburg,"http://dbpedia.org/resource/Claysburg,_Pennsylvania"
List_of_places_in_Pennsylvania:_C#0_0,0,483,Claysville,"http://dbpedia.org/resource/Claysville,_Pennsylvania"
List_of_places_in_Pennsylvania:_C#0_0,0,484,Clayton,"http://dbpedia.org/resource/Clayton,_New_Jersey"
List_of_places_in_Pennsylvania:_C#0_0,0,488,Clearfield Township,"http://dbpedia.org/resource/Clearfield_Township,_Cambria_County,_Pennsylvania"
List_of_places_in_Pennsylvania:_C#0_0,0,489,Clearfield Township,"http://dbpedia.org/resource/Clearfield_Township,_Cambria_County,_Pennsylvania"
List_of_places_in_Pennsylvania:_C#0_0,0,490,Clearfield,"http://dbpedia.org/resource/Clearfield_Township,_Cambria_County,_Pennsylvania"
List_of_places_in_Pennsylvania:_C#0_0,0,503,Cleona,"http://dbpedia.org/resource/Cleona,_Pennsylvania"
List_of_places_in_Pennsylvania:_C#0_0,0,506,Cleveland Township,"http://dbpedia.org/resource/Cleveland_Township,_Columbia_County,_Pennsylvania"
List_of_places_in_Pennsylvania:_C#0_0,0,511,Clifford,"http://dbpedia.org/resource/Clifford,_West_Yorkshire"
List_of_places_in_Pennsylvania:_C#0_0,0,512,Clifford Township,"http://dbpedia.org/resource/Clifford_Township,_Susquehanna_County,_Pennsylvania"
List_of_places_in_Pennsylvania:_C#0_0,0,517,Clifton Township,"http://dbpedia.org/resource/Clifton_Township,_Lackawanna_County,_Pennsylvania"
List_of_places_in_Pennsylvania:_C#0_0,0,518,Clifton Heights,"http://dbpedia.org/resource/Clifton_Heights,_Pennsylvania"
List_of_places_in_Pennsylvania:_C#0_0,0,520,Climax,"http://dbpedia.org/resource/Climax,_Kansas"
List_of_places_in_Pennsylvania:_C#0_0,0,522,Clinton,"http://dbpedia.org/resource/Clinton_Township,_Macomb_County,_Michigan"
List_of_places_in_Pennsylvania:_C#0_0,0,524,Clinton Township,"http://dbpedia.org/resource/Clinton_Township,_Venango_County,_Pennsylvania"
List_of_places_in_Pennsylvania:_C#0_0,0,526,Clinton Township,"http://dbpedia.org/resource/Clinton_Township,_Venango_County,_Pennsylvania"
List_of_places_in_Pennsylvania:_C#0_0,0,527,Clinton Township,"http://dbpedia.org/resource/Clinton_Township,_Venango_County,_Pennsylvania"
List_of_places_in_Pennsylvania:_C#0_0,0,528,Clinton Township,"http://dbpedia.org/resource/Clinton_Township,_Venango_County,_Pennsylvania"
List_of_places_in_Pennsylvania:_C#0_0,0,529,Clinton Township,"http://dbpedia.org/resource/Clinton_Township,_Venango_County,_Pennsylvania"
List_of_places_in_Pennsylvania:_C#0_0,0,531,Clintonville,"http://dbpedia.org/resource/Clintonville,_Pennsylvania"
List_of_places_in_Pennsylvania:_C#0_0,0,535,Clover Township,"http://dbpedia.org/resource/Clover_Township,_Jefferson_County,_Pennsylvania"
List_of_places_in_Pennsylvania:_C#0_0,0,543,Clune,"http://dbpedia.org/resource/Clunes,_Victoria"
List_of_places_in_Pennsylvania:_C#0_0,0,544,Cly,"http://dbpedia.org/resource/Washington,_D.C."
List_of_places_in_Pennsylvania:_C#0_0,0,549,Clymer,"http://dbpedia.org/resource/Clymer_Township,_Tioga_County,_Pennsylvania"
List_of_places_in_Pennsylvania:_C#0_0,0,551,Clymer Township,"http://dbpedia.org/resource/Clymer_Township,_Tioga_County,_Pennsylvania"
List_of_places_in_Pennsylvania:_C#0_0,0,552,Coal Township,"http://dbpedia.org/resource/Coal_Township,_Northumberland_County,_Pennsylvania"
List_of_places_in_Pennsylvania:_C#0_0,0,556,Coal Center,"http://dbpedia.org/resource/Coal_Center,_Pennsylvania"
List_of_places_in_Pennsylvania:_C#0_0,0,558,Coaldale,"http://dbpedia.org/resource/Coaldale,_Schuylkill_County,_Pennsylvania"
List_of_places_in_Pennsylvania:_C#0_0,0,561,Coaldale,"http://dbpedia.org/resource/Coaldale,_Schuylkill_County,_Pennsylvania"
List_of_places_in_Pennsylvania:_C#0_0,0,565,Coal Hollow,"http://dbpedia.org/resource/Coal_Hollow,_Illinois"
List_of_places_in_Pennsylvania:_C#0_0,0,567,Coalmont,"http://dbpedia.org/resource/Coalmont,_Pennsylvania"
List_of_places_in_Pennsylvania:_C#0_0,0,569,Coalport,"http://dbpedia.org/resource/Coalport,_Pennsylvania"
List_of_places_in_Pennsylvania:_C#0_0,0,577,Coatesville,"http://dbpedia.org/resource/Coatesville,_Pennsylvania"
List_of_places_in_Pennsylvania:_C#0_0,0,583,Coburn,"http://dbpedia.org/resource/Coburn,_Pennsylvania"
List_of_places_in_Pennsylvania:_C#0_0,0,584,Cocalico,"http://dbpedia.org/resource/Cocalico,_Pennsylvania"
List_of_places_in_Pennsylvania:_C#0_0,0,589,Cochranton,"http://dbpedia.org/resource/Cochranton,_Pennsylvania"
List_of_places_in_Pennsylvania:_C#0_0,0,590,Cochranville,"http://dbpedia.org/resource/Cochranville,_Pennsylvania"
List_of_places_in_Pennsylvania:_C#0_0,0,591,Cocolamus,"http://dbpedia.org/resource/Cocolamus,_Pennsylvania"
List_of_places_in_Pennsylvania:_C#0_0,0,595,Codorus Township,"http://dbpedia.org/resource/Codorus_Township,_York_County,_Pennsylvania"
List_of_places_in_Pennsylvania:_C#0_0,0,602,Cogan House Township,"http://dbpedia.org/resource/Cogan_House_Township,_Lycoming_County,_Pennsylvania"
List_of_places_in_Pennsylvania:_C#0_0,0,603,Cogan Station,"http://dbpedia.org/resource/Cogan,_Vale_of_Glamorgan"
List_of_places_in_Pennsylvania:_C#0_0,0,606,Cokeburg,"http://dbpedia.org/resource/Cokeburg,_Pennsylvania"
List_of_places_in_Pennsylvania:_C#0_0,0,615,Cold Spring Township,"http://dbpedia.org/resource/Cold_Spring_Township,_Lebanon_County,_Pennsylvania"
List_of_places_in_Pennsylvania:_C#0_0,0,618,Colebrook Township,"http://dbpedia.org/resource/Colebrook_Township,_Clinton_County,_Pennsylvania"
List_of_places_in_Pennsylvania:_C#0_0,0,619,Colebrook,"http://dbpedia.org/resource/Colebrook_Township,_Clinton_County,_Pennsylvania"
List_of_places_in_Pennsylvania:_C#0_0,0,621,Colebrookdale Township,"http://dbpedia.org/resource/Colebrookdale_Township,_Berks_County,_Pennsylvania"
List_of_places_in_Pennsylvania:_C#0_0,0,628,Colerain Township,"http://dbpedia.org/resource/Colerain_Township,_Bedford_County,_Pennsylvania"
List_of_places_in_Pennsylvania:_C#0_0,0,631,Colerain Township,"http://dbpedia.org/resource/Colerain_Township,_Bedford_County,_Pennsylvania"
List_of_places_in_Pennsylvania:_C#0_0,0,637,Colesville,"http://dbpedia.org/resource/Colesville,_New_York"
List_of_places_in_Pennsylvania:_C#0_0,0,638,Colesville,"http://dbpedia.org/resource/Colesville,_New_York"
List_of_places_in_Pennsylvania:_C#0_0,0,643,College Township,"http://dbpedia.org/resource/College_Township,_Centre_County,_Pennsylvania"
List_of_places_in_Pennsylvania:_C#0_0,0,651,Collegeville,"http://dbpedia.org/resource/Collegeville_Township,_Stearns_County,_Minnesota"
List_of_places_in_Pennsylvania:_C#0_0,0,652,Colley,"http://dbpedia.org/resource/Colley_Township,_Sullivan_County,_Pennsylvania"
List_of_places_in_Pennsylvania:_C#0_0,0,653,Colley Township,"http://dbpedia.org/resource/Colley_Township,_Sullivan_County,_Pennsylvania"
List_of_places_in_Pennsylvania:_C#0_0,0,654,Collier Township,"http://dbpedia.org/resource/Collier_Township,_Allegheny_County,_Pennsylvania"
List_of_places_in_Pennsylvania:_C#0_0,0,655,Collier,"http://dbpedia.org/resource/Collier_Township,_Allegheny_County,_Pennsylvania"
List_of_places_in_Pennsylvania:_C#0_0,0,656,Collingdale,"http://dbpedia.org/resource/Collingdale,_Pennsylvania"
List_of_places_in_Pennsylvania:_C#0_0,0,658,Collinsburg,"http://dbpedia.org/resource/Collinsburg,_Pennsylvania"
List_of_places_in_Pennsylvania:_C#0_0,0,661,Colmar,http://dbpedia.org/resource/Colmar
List_of_places_in_Pennsylvania:_C#0_0,0,668,Colonial Park,"http://dbpedia.org/resource/Colonial_Park,_Pennsylvania"
List_of_places_in_Pennsylvania:_C#0_0,0,675,Columbia Township,"http://dbpedia.org/resource/Columbia_Township,_Bradford_County,_Pennsylvania"
List_of_places_in_Pennsylvania:_C#0_0,0,676,Columbia,"http://dbpedia.org/resource/Washington,_D.C."
List_of_places_in_Pennsylvania:_C#0_0,0,679,Columbus,"http://dbpedia.org/resource/Columbus,_Pennsylvania"
List_of_places_in_Pennsylvania:_C#0_0,0,681,Colver,"http://dbpedia.org/resource/Colver,_Pennsylvania"
List_of_places_in_Pennsylvania:_C#0_0,0,683,Colwyn,"http://dbpedia.org/resource/Colwyn,_Pennsylvania"
List_of_places_in_Pennsylvania:_C#0_0,0,684,Colyer,"http://dbpedia.org/resource/Colyer,_Pennsylvania"
List_of_places_in_Pennsylvania:_C#0_0,0,688,Commodore,"http://dbpedia.org/resource/Commodore,_Pennsylvania"
List_of_places_in_Pennsylvania:_C#0_0,0,689,Compass,http://dbpedia.org/resource/Compass-1
List_of_places_in_Pennsylvania:_C#0_0,0,693,Conashaugh,"http://dbpedia.org/resource/Conashaugh_Lakes,_Pennsylvania"
List_of_places_in_Pennsylvania:_C#0_0,0,694,Concord Township,"http://dbpedia.org/resource/Concord_Township,_Butler_County,_Pennsylvania"
List_of_places_in_Pennsylvania:_C#0_0,0,695,Concord Township,"http://dbpedia.org/resource/Concord_Township,_Butler_County,_Pennsylvania"
List_of_places_in_Pennsylvania:_C#0_0,0,697,Concord Township,"http://dbpedia.org/resource/Concord_Township,_Butler_County,_Pennsylvania"
List_of_places_in_Pennsylvania:_C#0_0,0,700,Concordville,"http://dbpedia.org/resource/Concordville,_Pennsylvania"
List_of_places_in_Pennsylvania:_C#0_0,0,701,Concordville,"http://dbpedia.org/resource/Concordville,_Pennsylvania"
List_of_places_in_Pennsylvania:_C#0_0,0,702,Condit Crossing,"http://dbpedia.org/resource/Condit_Crossing,_Pennsylvania"
List_of_places_in_Pennsylvania:_C#0_0,0,705,Conemaugh Township,"http://dbpedia.org/resource/Conemaugh_Township,_Cambria_County,_Pennsylvania"
List_of_places_in_Pennsylvania:_C#0_0,0,706,Conemaugh Township,"http://dbpedia.org/resource/Conemaugh_Township,_Cambria_County,_Pennsylvania"
List_of_places_in_Pennsylvania:_C#0_0,0,707,Conemaugh Township,"http://dbpedia.org/resource/Conemaugh_Township,_Cambria_County,_Pennsylvania"
List_of_places_in_Pennsylvania:_C#0_0,0,709,Conestoga,"http://dbpedia.org/resource/Conestoga_Township,_Lancaster_County,_Pennsylvania"
List_of_places_in_Pennsylvania:_C#0_0,0,710,Conestoga Township,"http://dbpedia.org/resource/Conestoga_Township,_Lancaster_County,_Pennsylvania"
List_of_places_in_Pennsylvania:_C#0_0,0,715,Conewago Township,"http://dbpedia.org/resource/Conewago_Township,_York_County,_Pennsylvania"
List_of_places_in_Pennsylvania:_C#0_0,0,716,Conewago Township,"http://dbpedia.org/resource/Conewago_Township,_York_County,_Pennsylvania"
List_of_places_in_Pennsylvania:_C#0_0,0,717,Conewago,"http://dbpedia.org/resource/Conewago_Township,_Dauphin_County,_Pennsylvania"
List_of_places_in_Pennsylvania:_C#0_0,0,718,Conewago Township,"http://dbpedia.org/resource/Conewago_Township,_York_County,_Pennsylvania"
List_of_places_in_Pennsylvania:_C#0_0,0,720,Conewango Township,"http://dbpedia.org/resource/Conewango_Township,_Warren_County,_Pennsylvania"
List_of_places_in_Pennsylvania:_C#0_0,0,721,Confluence,"http://dbpedia.org/resource/Confluence,_Pennsylvania"
List_of_places_in_Pennsylvania:_C#0_0,0,723,Congo,"http://dbpedia.org/resource/Congo,_Paraíba"
List_of_places_in_Pennsylvania:_C#0_0,0,729,Conneaut Township,"http://dbpedia.org/resource/Conneaut_Township,_Erie_County,_Pennsylvania"
List_of_places_in_Pennsylvania:_C#0_0,0,730,Conneaut Township,"http://dbpedia.org/resource/Conneaut_Township,_Erie_County,_Pennsylvania"
List_of_places_in_Pennsylvania:_C#0_0,0,732,Conneaut Lake,"http://dbpedia.org/resource/Conneaut_Lake,_Pennsylvania"
List_of_places_in_Pennsylvania:_C#0_0,0,733,Conneaut Lake Park,"http://dbpedia.org/resource/Conneaut_Lake,_Pennsylvania"
List_of_places_in_Pennsylvania:_C#0_0,0,734,Conneaut Lakeshore,"http://dbpedia.org/resource/Conneaut_Lakeshore,_Pennsylvania"
List_of_places_in_Pennsylvania:_C#0_0,0,735,Conneautville,"http://dbpedia.org/resource/Conneautville,_Pennsylvania"
List_of_places_in_Pennsylvania:_C#0_0,0,736,Connellsville,"http://dbpedia.org/resource/Connellsville_Township,_Fayette_County,_Pennsylvania"
List_of_places_in_Pennsylvania:_C#0_0,0,737,Connellsville Township,"http://dbpedia.org/resource/Connellsville_Township,_Fayette_County,_Pennsylvania"
List_of_places_in_Pennsylvania:_C#0_0,0,740,Connerton,"http://dbpedia.org/resource/Connerton,_Florida"
List_of_places_in_Pennsylvania:_C#0_0,0,741,Connoquenessing,"http://dbpedia.org/resource/Connoquenessing_Township,_Butler_County,_Pennsylvania"
List_of_places_in_Pennsylvania:_C#0_0,0,742,Connoquenessing Township,"http://dbpedia.org/resource/Connoquenessing_Township,_Butler_County,_Pennsylvania"
List_of_places_in_Pennsylvania:_C#0_0,0,743,Conoy Township,"http://dbpedia.org/resource/Conoy_Township,_Lancaster_County,_Pennsylvania"
List_of_places_in_Pennsylvania:_C#0_0,0,746,Conshohocken,"http://dbpedia.org/resource/Conshohocken,_Pennsylvania"
List_of_places_in_Pennsylvania:_C#0_0,0,752,Conway,"http://dbpedia.org/resource/Conway,_New_Hampshire"
List_of_places_in_Pennsylvania:_C#0_0,0,753,Conyngham Township,"http://dbpedia.org/resource/Conyngham_Township,_Luzerne_County,_Pennsylvania"
List_of_places_in_Pennsylvania:_C#0_0,0,754,Conyngham,"http://dbpedia.org/resource/Conyngham_Township,_Luzerne_County,_Pennsylvania"
List_of_places_in_Pennsylvania:_C#0_0,0,755,Conyngham,"http://dbpedia.org/resource/Conyngham_Township,_Luzerne_County,_Pennsylvania"
List_of_places_in_Pennsylvania:_C#0_0,0,756,Conyngham Township,"http://dbpedia.org/resource/Conyngham_Township,_Luzerne_County,_Pennsylvania"
List_of_places_in_Pennsylvania:_C#0_0,0,757,Cook Township,"http://dbpedia.org/resource/Cook_Township,_Westmoreland_County,_Pennsylvania"
List_of_places_in_Pennsylvania:_C#0_0,0,758,Cooke Township,"http://dbpedia.org/resource/Cooke_Township,_Cumberland_County,_Pennsylvania"
List_of_places_in_Pennsylvania:_C#0_0,0,759,Cookport,
List_of_places_in_Pennsylvania:_C#0_0,0,761,Cooksburg,"http://dbpedia.org/resource/Rensselaerville,_New_York"
List_of_places_in_Pennsylvania:_C#0_0,0,766,Coolbaugh Township,"http://dbpedia.org/resource/Coolbaugh_Township,_Monroe_County,_Pennsylvania"
List_of_places_in_Pennsylvania:_C#0_0,0,772,Coolspring Township,"http://dbpedia.org/resource/Coolspring_Township,_Mercer_County,_Pennsylvania"
List_of_places_in_Pennsylvania:_C#0_0,0,773,Cool Valley,"http://dbpedia.org/resource/Cool_Valley,_Missouri"
List_of_places_in_Pennsylvania:_C#0_0,0,775,Coon Hunter,"http://dbpedia.org/resource/Coon_Hunter,_Pennsylvania"
List_of_places_in_Pennsylvania:_C#0_0,0,778,Cooper Township,"http://dbpedia.org/resource/Cooper_Township,_Montour_County,_Pennsylvania"
List_of_places_in_Pennsylvania:_C#0_0,0,779,Cooper Township,"http://dbpedia.org/resource/Cooper_Township,_Montour_County,_Pennsylvania"
List_of_places_in_Pennsylvania:_C#0_0,0,781,Coopersburg,"http://dbpedia.org/resource/Coopersburg,_Pennsylvania"
List_of_places_in_Pennsylvania:_C#0_0,0,785,Cooperstown,"http://dbpedia.org/resource/Cooperstown_Township,_Brown_County,_Illinois"
List_of_places_in_Pennsylvania:_C#0_0,0,791,Coplay,"http://dbpedia.org/resource/Coplay,_Pennsylvania"
List_of_places_in_Pennsylvania:_C#0_0,0,792,Coral,"http://dbpedia.org/resource/Cape_Coral,_Florida"
List_of_places_in_Pennsylvania:_C#0_0,0,793,Coraopolis,"http://dbpedia.org/resource/Coraopolis,_Pennsylvania"
List_of_places_in_Pennsylvania:_C#0_0,0,807,Cornplanter Township,"http://dbpedia.org/resource/Cornplanter_Township,_Venango_County,_Pennsylvania"
List_of_places_in_Pennsylvania:_C#0_0,0,809,Cornwall,"http://dbpedia.org/resource/Cornwall,_Vermont"
List_of_places_in_Pennsylvania:_C#0_0,0,813,Cornwells Heights,"http://dbpedia.org/resource/Cornwells_Heights,_Pennsylvania"
List_of_places_in_Pennsylvania:_C#0_0,0,814,Cornwells Heights-Eddington,"http://dbpedia.org/resource/Cornwells_Heights-Eddington,_Pennsylvania"
List_of_places_in_Pennsylvania:_C#0_0,0,817,Corry,"http://dbpedia.org/resource/Corry,_Pennsylvania"
List_of_places_in_Pennsylvania:_C#0_0,0,818,Corsica,"http://dbpedia.org/resource/Corsica,_Pennsylvania"
List_of_places_in_Pennsylvania:_C#0_0,0,823,Corydon Township,"http://dbpedia.org/resource/Corydon_Township,_McKean_County,_Pennsylvania"
List_of_places_in_Pennsylvania:_C#0_0,0,825,Coryville,"http://dbpedia.org/resource/Coryville,_Pennsylvania"
List_of_places_in_Pennsylvania:_C#0_0,0,829,Cossart,
List_of_places_in_Pennsylvania:_C#0_0,0,839,Coudersport,"http://dbpedia.org/resource/Coudersport,_Pennsylvania"
List_of_places_in_Pennsylvania:_C#0_0,0,841,Coulter,"http://dbpedia.org/resource/Coulter,_Iowa"
List_of_places_in_Pennsylvania:_C#0_0,0,854,Coupon,"http://dbpedia.org/resource/Coupon,_Pennsylvania"
List_of_places_in_Pennsylvania:_C#0_0,0,855,Courtdale,"http://dbpedia.org/resource/Courtdale,_Pennsylvania"
List_of_places_in_Pennsylvania:_C#0_0,0,856,Courtney,http://dbpedia.org/resource/Camp_Courtney
List_of_places_in_Pennsylvania:_C#0_0,0,859,Cove,http://dbpedia.org/resource/Cobh
List_of_places_in_Pennsylvania:_C#0_0,0,861,Cove Gap,"http://dbpedia.org/resource/Cove_Gap,_West_Virginia"
List_of_places_in_Pennsylvania:_C#0_0,0,863,Coventryville,"http://dbpedia.org/resource/Coventry,_New_York"
List_of_places_in_Pennsylvania:_C#0_0,0,872,Covington Township,"http://dbpedia.org/resource/Covington_Township,_Clearfield_County,_Pennsylvania"
List_of_places_in_Pennsylvania:_C#0_0,0,873,Covington Township,"http://dbpedia.org/resource/Covington_Township,_Clearfield_County,_Pennsylvania"
List_of_places_in_Pennsylvania:_C#0_0,0,874,Covington,"http://dbpedia.org/resource/Covington_Township,_Tioga_County,_Pennsylvania"
List_of_places_in_Pennsylvania:_C#0_0,0,875,Covington Township,"http://dbpedia.org/resource/Covington_Township,_Clearfield_County,_Pennsylvania"
List_of_places_in_Pennsylvania:_C#0_0,0,878,Cowan,"http://dbpedia.org/resource/Cowan,_Tennessee"
List_of_places_in_Pennsylvania:_C#0_0,0,881,Cowanshannock Township,"http://dbpedia.org/resource/Cowanshannock_Township,_Armstrong_County,_Pennsylvania"
List_of_places_in_Pennsylvania:_C#0_0,0,883,Cowansville,http://dbpedia.org/resource/Cowansville
List_of_places_in_Pennsylvania:_C#0_0,0,894,Crabtree,"http://dbpedia.org/resource/Crabtree,_Oregon"
List_of_places_in_Pennsylvania:_C#0_0,0,896,Cracker Jack,"http://dbpedia.org/resource/Cracker_Jack,_Pennsylvania"
List_of_places_in_Pennsylvania:_C#0_0,0,898,Crafton,"http://dbpedia.org/resource/Crafton,_Pennsylvania"
List_of_places_in_Pennsylvania:_C#0_0,0,903,Craigsville,"http://dbpedia.org/resource/Craigsville,_Virginia"
List_of_places_in_Pennsylvania:_C#0_0,0,904,Craley,"http://dbpedia.org/resource/Craley,_Pennsylvania"
List_of_places_in_Pennsylvania:_C#0_0,0,907,Cranberry Township,"http://dbpedia.org/resource/Cranberry_Township,_Butler_County,_Pennsylvania"
List_of_places_in_Pennsylvania:_C#0_0,0,910,Cranberry Township,"http://dbpedia.org/resource/Cranberry_Township,_Butler_County,_Pennsylvania"
List_of_places_in_Pennsylvania:_C#0_0,0,912,Cranesville,"http://dbpedia.org/resource/Cranesville,_Pennsylvania"
List_of_places_in_Pennsylvania:_C#0_0,0,914,Crawford Township,"http://dbpedia.org/resource/Crawford_Township,_Clinton_County,_Pennsylvania"
List_of_places_in_Pennsylvania:_C#0_0,0,922,Creekside,"http://dbpedia.org/resource/Creekside,_Pennsylvania"
List_of_places_in_Pennsylvania:_C#0_0,0,923,Creighton,"http://dbpedia.org/resource/Creighton,_Missouri"
List_of_places_in_Pennsylvania:_C#0_0,0,924,Crenshaw,"http://dbpedia.org/resource/Crenshaw,_Pennsylvania"
List_of_places_in_Pennsylvania:_C#0_0,0,925,Crescent Township,"http://dbpedia.org/resource/Crescent_Township,_Allegheny_County,_Pennsylvania"
List_of_places_in_Pennsylvania:_C#0_0,0,932,Cresco,"http://dbpedia.org/resource/Cresco,_Iowa"
List_of_places_in_Pennsylvania:_C#0_0,0,937,Cresson,"http://dbpedia.org/resource/Cresson_Township,_Cambria_County,_Pennsylvania"
List_of_places_in_Pennsylvania:_C#0_0,0,938,Cresson Township,"http://dbpedia.org/resource/Cresson_Township,_Cambria_County,_Pennsylvania"
List_of_places_in_Pennsylvania:_C#0_0,0,939,Cressona,"http://dbpedia.org/resource/Cressona,_Pennsylvania"
List_of_places_in_Pennsylvania:_C#0_0,0,948,Creswell,"http://dbpedia.org/resource/Creswell,_Oregon"
List_of_places_in_Pennsylvania:_C#0_0,0,951,Criders Corners,"http://dbpedia.org/resource/Cranberry_Township,_Butler_County,_Pennsylvania"
List_of_places_in_Pennsylvania:_C#0_0,0,955,Cromby,"http://dbpedia.org/resource/Cromby,_Pennsylvania"
List_of_places_in_Pennsylvania:_C#0_0,0,956,Cromwell Township,"http://dbpedia.org/resource/Cromwell_Township,_Huntingdon_County,_Pennsylvania"
List_of_places_in_Pennsylvania:_C#0_0,0,961,Cross Creek Township,"http://dbpedia.org/resource/Cross_Creek_Township,_Washington_County,_Pennsylvania"
List_of_places_in_Pennsylvania:_C#0_0,0,962,Cross Creek,"http://dbpedia.org/resource/Cross_Creek_Township,_Washington_County,_Pennsylvania"
List_of_places_in_Pennsylvania:_C#0_0,0,963,Cross Fork,"http://dbpedia.org/resource/Grand_Forks,_North_Dakota"
List_of_places_in_Pennsylvania:_C#0_0,0,966,Cross Keys,"http://dbpedia.org/resource/Cross_Keys,_New_Jersey"
List_of_places_in_Pennsylvania:_C#0_0,0,975,Cross Roads,"http://dbpedia.org/resource/Cross_Roads,_Pennsylvania"
List_of_places_in_Pennsylvania:_C#0_0,0,979,Crown,"http://dbpedia.org/resource/Crown_Point,_Indiana"
List_of_places_in_Pennsylvania:_C#0_0,0,981,Croydon,"http://dbpedia.org/resource/Croydon,_Pennsylvania"
List_of_places_in_Pennsylvania:_C#0_0,0,988,Croyle Township,"http://dbpedia.org/resource/Croyle_Township,_Cambria_County,_Pennsylvania"
List_of_places_in_Pennsylvania:_C#0_0,0,993,Crucible,"http://dbpedia.org/resource/Crucible,_Pennsylvania"
List_of_places_in_Pennsylvania:_C#0_0,0,996,Crum Lynne,"http://dbpedia.org/resource/Crum_Lynne,_Pennsylvania"
List_of_places_in_Pennsylvania:_C#0_0,0,997,Crum Lynne,"http://dbpedia.org/resource/Crum_Lynne,_Pennsylvania"
List_of_places_in_Pennsylvania:_C#0_0,0,1001,Crystal Spring,"http://dbpedia.org/resource/Crystal_Springs,_Mississippi"
List_of_places_in_Pennsylvania:_C#0_0,0,1003,Cuba Mills,http://de.dbpedia.org/resource/Cuba_(Gera)
List_of_places_in_Pennsylvania:_C#0_0,0,1010,Cumberland Township,"http://dbpedia.org/resource/Cumberland_Township,_Adams_County,_Pennsylvania"
List_of_places_in_Pennsylvania:_C#0_0,0,1011,Cumberland Township,"http://dbpedia.org/resource/Cumberland_Township,_Adams_County,_Pennsylvania"
List_of_places_in_Pennsylvania:_C#0_0,0,1013,Cumberland Valley Township,"http://dbpedia.org/resource/Cumberland_Valley_Township,_Bedford_County,_Pennsylvania"
List_of_places_in_Pennsylvania:_C#0_0,0,1015,Cumbola,"http://dbpedia.org/resource/Cumbola,_Pennsylvania"
List_of_places_in_Pennsylvania:_C#0_0,0,1018,Cummings Township,"http://dbpedia.org/resource/Cummings_Township,_Lycoming_County,_Pennsylvania"
List_of_places_in_Pennsylvania:_C#0_0,0,1022,Cumru Township,"http://dbpedia.org/resource/Cumru_Township,_Berks_County,_Pennsylvania"
List_of_places_in_Pennsylvania:_C#0_0,0,1028,Curllsville,"http://dbpedia.org/resource/Curllsville,_Pennsylvania"
List_of_places_in_Pennsylvania:_C#0_0,0,1030,Curry,"http://dbpedia.org/resource/Curry_County,_Oregon"
List_of_places_in_Pennsylvania:_C#0_0,0,1031,Curry,"http://dbpedia.org/resource/Curry_County,_Oregon"
List_of_places_in_Pennsylvania:_C#0_0,0,1037,Curtin Township,"http://dbpedia.org/resource/Curtin_Township,_Centre_County,_Pennsylvania"
List_of_places_in_Pennsylvania:_C#0_0,0,1041,Curtisville,"http://dbpedia.org/resource/Curtisville,_Pennsylvania"
List_of_places_in_Pennsylvania:_C#0_0,0,1042,Curwensville,"http://dbpedia.org/resource/Curwensville,_Pennsylvania"
List_of_places_in_Pennsylvania:_C#0_0,0,1044,Cussewago Township,"http://dbpedia.org/resource/Cussewago_Township,_Crawford_County,_Pennsylvania"
List_of_places_in_Pennsylvania:_C#0_0,0,1045,Custards,"http://dbpedia.org/resource/Custards,_Pennsylvania"
List_of_places_in_Pennsylvania:_C#0_0,0,1049,Cyclone,
List_of_places_in_Pennsylvania:_C#0_0,0,1052,Cynwyd,"http://dbpedia.org/resource/Bala_Cynwyd,_Pennsylvania"
