F1: 0.63636,Precision: 0.63636,Recall: 0.63636,,
Col,Row,Value,Submitted URI,Correct URI's
2,2,"Pittsburgh, Pennsylvania",http://dbpedia.org/resource/Pennsylvania,"http://dbpedia.org/resource/UN/LOCODE:USPIT http://dbpedia.org/resource/Da_burgh http://dbpedia.org/resource/Pittsburgh,_Pennsylvania,_US http://dbpedia.org/resource/Climate_of_Pittsburgh,_Pennsylvania http://dbpedia.org/resource/Pittsburgh_(pgh) http://dbpedia.org/resource/East_End_(Pittsburgh) http://dbpedia.org/resource/Glenwood,_Pennsylvania http://dbpedia.org/resource/Pittsbrugh http://dbpedia.org/resource/Pittsburgh http://dbpedia.org/resource/Pittsburgh_Frick_6-8_Middle_School http://dbpedia.org/resource/City_of_Bridges http://dbpedia.org/resource/Pittsburgh,_Pennsylvania,_U.S. http://dbpedia.org/resource/Pittsburgh,_Pennsylvania http://dbpedia.org/resource/City_of_Pittsburgh http://dbpedia.org/resource/Pittsburgh,_Allegheny_County,_Pennsylvania http://dbpedia.org/resource/Fort_du_Quesne http://dbpedia.org/resource/Pittsburgh_Pennsyvania http://dbpedia.org/resource/Pittsburgh,_Pennsylvania,_USA http://dbpedia.org/resource/Pittsburgh,_Pennsylvania,_U.S.A. http://dbpedia.org/resource/The_City_of_Bridges http://dbpedia.org/resource/Pitsburgh http://dbpedia.org/resource/The_Burgh http://dbpedia.org/resource/Frick_International_Studies_Academy_Middle_School http://dbpedia.org/resource/Pittsburg,_Pennsylvania http://dbpedia.org/resource/Pittsburgh_(Pa.) http://dbpedia.org/resource/Smoky_City http://dbpedia.org/resource/Pittsburgh,_United_States_of_America http://dbpedia.org/resource/Pittsburg,_PA http://dbpedia.org/resource/Education_in_pittsburgh http://dbpedia.org/resource/Pittsburgh,_PA http://dbpedia.org/resource/Pittsburgh,_PA. http://dbpedia.org/resource/Pittsburgh,_Pa. http://dbpedia.org/resource/Pittsburgh,_USA http://dbpedia.org/resource/Pittsburgh_Style http://dbpedia.org/resource/Education_in_Pittsburgh http://dbpedia.org/resource/The_Steel_City http://dbpedia.org/resource/Pittsburgh,_Pennsylvania. http://dbpedia.org/resource/St._Justin's_High_School http://dbpedia.org/resource/The_Pittsburgh_Style_of_Literature http://dbpedia.org/resource/Pittsburgh_(PA) http://dbpedia.org/resource/Pittsburgh,_Pa"
2,3,Croatia,http://dbpedia.org/resource/Rijeka,http://dbpedia.org/resource/Kroatien http://dbpedia.org/resource/ISO_3166-1:HR http://dbpedia.org/resource/Republika_Hrvatska http://dbpedia.org/resource/Republic_of_Croatia http://dbpedia.org/resource/Hrvatska http://dbpedia.org/resource/Croacia http://dbpedia.org/resource/Hirvatistan http://dbpedia.org/resource/Kroatia http://dbpedia.org/resource/Croatia http://dbpedia.org/resource/Trema_(Croatia) http://dbpedia.org/resource/Croácia http://dbpedia.org/resource/Hravatska http://dbpedia.org/resource/Ukrainians_in_Croatia http://dbpedia.org/resource/Croatia/Hrvatska http://dbpedia.org/resource/Crotaia
2,9,"Lake Dallas, Texas",http://dbpedia.org/resource/Dallas,"http://dbpedia.org/resource/Lake_Dallas,_TX http://dbpedia.org/resource/Lake_Dallas http://dbpedia.org/resource/Lake_Dallas,_Texas http://dbpedia.org/resource/UN/LOCODE:USAKD"
2,10,"Lewiston, New York","http://dbpedia.org/resource/Lewiston_(town),_New_York","http://dbpedia.org/resource/Lewiston,_New_York"
2,12,"Longview, Washington","http://dbpedia.org/resource/Longview,_Texas","http://dbpedia.org/resource/Longview,_Washington http://dbpedia.org/resource/UN/LOCODE:USLOG http://dbpedia.org/resource/Monticello,_Washington http://dbpedia.org/resource/Long_View,_WA http://dbpedia.org/resource/History_of_Longview,_Washington http://dbpedia.org/resource/Longview_City_Center,_Washington http://dbpedia.org/resource/Longview,_WA http://dbpedia.org/resource/Long_View,_Washington http://dbpedia.org/resource/Longview,_Wa"
2,15,Australia,http://dbpedia.org/resource/Perth,http://dbpedia.org/resource/The_Commonwealth_of_Australia http://dbpedia.org/resource/Austraila http://dbpedia.org/resource/Australia_(realm) http://dbpedia.org/resource/Australia_(monarchy) http://dbpedia.org/resource/Australian_geopolitics http://dbpedia.org/resource/New_Australian http://dbpedia.org/resource/Australia. http://dbpedia.org/resource/Australo- http://dbpedia.org/resource/Peace_of_Australia http://dbpedia.org/resource/Asutralia http://dbpedia.org/resource/Science_in_Australia http://dbpedia.org/resource/Technology_in_Australia http://dbpedia.org/resource/Country_life_in_Australia http://dbpedia.org/resource/Austraya http://dbpedia.org/resource/Etymology_of_Australia http://dbpedia.org/resource/Commonwealth_of_Australia http://dbpedia.org/resource/Australias http://dbpedia.org/resource/Austrailia http://dbpedia.org/resource/Australian_Commonwealth http://dbpedia.org/resource/Australia_(Commonwealth) http://dbpedia.org/resource/AUSTRALIA http://dbpedia.org/resource/AustraliA http://dbpedia.org/resource/Australo http://dbpedia.org/resource/Australia http://dbpedia.org/resource/AUSTRALIAN http://dbpedia.org/resource/Straya http://dbpedia.org/resource/Australia_(nation-state) http://dbpedia.org/resource/Australia_(country) http://dbpedia.org/resource/Commonwealth_Australia http://dbpedia.org/resource/Australia_(commonwealth_realm) http://dbpedia.org/resource/Australia_(Commonwealth_realm) http://dbpedia.org/resource/Australian_city_life http://dbpedia.org/resource/Australia_(federation) http://dbpedia.org/resource/Australia_(empire) http://dbpedia.org/resource/Ausrtalia http://dbpedia.org/resource/Australiia http://dbpedia.org/resource/Pax_Australiana http://dbpedia.org/resource/Empire_of_Australia http://dbpedia.org/resource/Australia's http://dbpedia.org/resource/Geopolitics_of_Australia http://dbpedia.org/resource/Austalia http://dbpedia.org/resource/City_life_in_Australia http://dbpedia.org/resource/Ostralia http://dbpedia.org/resource/Australie http://dbpedia.org/resource/Australia_(state) http://dbpedia.org/resource/Australai http://dbpedia.org/resource/Australlia http://dbpedia.org/resource/Commonwealth_of_australia http://dbpedia.org/resource/Australian_country_life http://dbpedia.org/resource/Federal_Australia http://dbpedia.org/resource/Aussieland http://dbpedia.org/resource/Dominion_of_Australia http://dbpedia.org/resource/Australia_(nation) http://dbpedia.org/resource/ISO_3166-1:AU http://dbpedia.org/resource/Orstraya http://dbpedia.org/resource/Australia_(constitutional_monarchy) http://dbpedia.org/resource/Austrlia http://dbpedia.org/resource/Australia_(dominion) http://dbpedia.org/resource/Australia_(commonwealth) http://dbpedia.org/resource/Australia_(nation_state) http://dbpedia.org/resource/Austrlaia http://dbpedia.org/resource/Australian's
2,16,Australia,http://dbpedia.org/resource/Perth,http://dbpedia.org/resource/The_Commonwealth_of_Australia http://dbpedia.org/resource/Austraila http://dbpedia.org/resource/Australia_(realm) http://dbpedia.org/resource/Australia_(monarchy) http://dbpedia.org/resource/Australian_geopolitics http://dbpedia.org/resource/New_Australian http://dbpedia.org/resource/Australia. http://dbpedia.org/resource/Australo- http://dbpedia.org/resource/Peace_of_Australia http://dbpedia.org/resource/Asutralia http://dbpedia.org/resource/Science_in_Australia http://dbpedia.org/resource/Technology_in_Australia http://dbpedia.org/resource/Country_life_in_Australia http://dbpedia.org/resource/Austraya http://dbpedia.org/resource/Etymology_of_Australia http://dbpedia.org/resource/Commonwealth_of_Australia http://dbpedia.org/resource/Australias http://dbpedia.org/resource/Austrailia http://dbpedia.org/resource/Australian_Commonwealth http://dbpedia.org/resource/Australia_(Commonwealth) http://dbpedia.org/resource/AUSTRALIA http://dbpedia.org/resource/AustraliA http://dbpedia.org/resource/Australo http://dbpedia.org/resource/Australia http://dbpedia.org/resource/AUSTRALIAN http://dbpedia.org/resource/Straya http://dbpedia.org/resource/Australia_(nation-state) http://dbpedia.org/resource/Australia_(country) http://dbpedia.org/resource/Commonwealth_Australia http://dbpedia.org/resource/Australia_(commonwealth_realm) http://dbpedia.org/resource/Australia_(Commonwealth_realm) http://dbpedia.org/resource/Australian_city_life http://dbpedia.org/resource/Australia_(federation) http://dbpedia.org/resource/Australia_(empire) http://dbpedia.org/resource/Ausrtalia http://dbpedia.org/resource/Australiia http://dbpedia.org/resource/Pax_Australiana http://dbpedia.org/resource/Empire_of_Australia http://dbpedia.org/resource/Australia's http://dbpedia.org/resource/Geopolitics_of_Australia http://dbpedia.org/resource/Austalia http://dbpedia.org/resource/City_life_in_Australia http://dbpedia.org/resource/Ostralia http://dbpedia.org/resource/Australie http://dbpedia.org/resource/Australia_(state) http://dbpedia.org/resource/Australai http://dbpedia.org/resource/Australlia http://dbpedia.org/resource/Commonwealth_of_australia http://dbpedia.org/resource/Australian_country_life http://dbpedia.org/resource/Federal_Australia http://dbpedia.org/resource/Aussieland http://dbpedia.org/resource/Dominion_of_Australia http://dbpedia.org/resource/Australia_(nation) http://dbpedia.org/resource/ISO_3166-1:AU http://dbpedia.org/resource/Orstraya http://dbpedia.org/resource/Australia_(constitutional_monarchy) http://dbpedia.org/resource/Austrlia http://dbpedia.org/resource/Australia_(dominion) http://dbpedia.org/resource/Australia_(commonwealth) http://dbpedia.org/resource/Australia_(nation_state) http://dbpedia.org/resource/Austrlaia http://dbpedia.org/resource/Australian's
2,17,Lagos,http://dbpedia.org/resource/Lagos_State,"http://dbpedia.org/resource/City_of_Lagos http://dbpedia.org/resource/Lagos,_Nigeria http://dbpedia.org/resource/Lagos,_Lagos_State,_Nigeria http://dbpedia.org/resource/Lagaos http://dbpedia.org/resource/Lagos_city http://dbpedia.org/resource/Lagos_(Nigeria) http://dbpedia.org/resource/Lagos http://dbpedia.org/resource/Lagos,_Lagos http://dbpedia.org/resource/Lasgidi http://dbpedia.org/resource/Lagosian http://dbpedia.org/resource/Las_Gidi http://dbpedia.org/resource/Metropolitan_Lagos http://dbpedia.org/resource/Lagos,_Lagos_State http://dbpedia.org/resource/Lagos_(city) http://dbpedia.org/resource/Lagos_Metropolitan_Area http://dbpedia.org/resource/Lagos,_Lagos,_Nigeria"
2,20,"Mars Hill, North Carolina","http://dbpedia.org/resource/Chapel_Hill,_North_Carolina","http://dbpedia.org/resource/Mars_Hill_(NC) http://dbpedia.org/resource/Mars_Hill,_NC http://dbpedia.org/resource/UN/LOCODE:USYMH http://dbpedia.org/resource/Mars_Hill,_North_Carolina"
2,25,China,"http://dbpedia.org/resource/China,_Texas","http://dbpedia.org/resource/China,_the_People's_Republic_of http://dbpedia.org/resource/Jhongguó http://dbpedia.org/resource/PROC http://dbpedia.org/resource/ISO_3166-1:CN http://dbpedia.org/resource/The_People’s_Republic_of_China http://dbpedia.org/resource/China_(People's_Republic) http://dbpedia.org/resource/Communist_China_(modern) http://dbpedia.org/resource/(The_People's_Republic_of)_China http://dbpedia.org/resource/Prc http://dbpedia.org/resource/P.R.China http://dbpedia.org/resource/Zhonghuá_rénmín_gònghéguó http://dbpedia.org/resource/Zhōnghuá_Rénmín_Gònghéguó http://dbpedia.org/resource/中國 http://dbpedia.org/resource/China_(nation) http://dbpedia.org/resource/People's_Republic_of_China_(PRC) http://dbpedia.org/resource/PR_of_China http://dbpedia.org/resource/Zhonghua_Renmin_Gongheguo http://dbpedia.org/resource/Red_China_(modern) http://dbpedia.org/resource/中国 http://dbpedia.org/resource/P._R._China http://dbpedia.org/resource/PR_China http://dbpedia.org/resource/Zhonghuarenmingongheguo http://dbpedia.org/resource/Chinese_PR http://dbpedia.org/resource/P.R.C. http://dbpedia.org/resource/Peoples'_Republic_of_China http://dbpedia.org/resource/China_PR http://dbpedia.org/resource/中华人民共和国 http://dbpedia.org/resource/PRC http://dbpedia.org/resource/The_prc http://dbpedia.org/resource/中华 http://dbpedia.org/resource/Zhonghua_renmin_gongheguo http://dbpedia.org/resource/China_PRC http://dbpedia.org/resource/Pr_china http://dbpedia.org/resource/Peoples_republic_of_China http://dbpedia.org/resource/Peoples_Republic_of_China http://dbpedia.org/resource/Modern_day_China http://dbpedia.org/resource/People's_Republic_of_China_(Mainland_China) http://dbpedia.org/resource/Chinese_People's_Republic http://dbpedia.org/resource/People's_Republic_Of_China http://dbpedia.org/resource/China,_PRC http://dbpedia.org/resource/State_of_China http://dbpedia.org/resource/Zhong_Guo http://dbpedia.org/resource/P.R._of_CHINA http://dbpedia.org/resource/Pr_of_c http://dbpedia.org/resource/The_people's_republic_of_china http://dbpedia.org/resource/P.r._of_china http://dbpedia.org/resource/China_People's_Republic http://dbpedia.org/resource/PRC_(China) http://dbpedia.org/resource/China's http://dbpedia.org/resource/Nation_of_China http://dbpedia.org/resource/Chung-Kuo http://dbpedia.org/resource/People's_repuublic_of_china http://dbpedia.org/resource/Pr_of_china http://dbpedia.org/resource/PRoC http://dbpedia.org/resource/China,_People's_Republic_of http://dbpedia.org/resource/Territorial_disputes_of_China http://dbpedia.org/resource/PRChina http://dbpedia.org/resource/China_(Peking) http://dbpedia.org/resource/People's_republic_of_china http://dbpedia.org/resource/Chaina http://dbpedia.org/resource/People’s_Republic_of_China http://dbpedia.org/resource/Zhongguo http://dbpedia.org/resource/Chungkuo http://dbpedia.org/resource/P._R._of_China http://dbpedia.org/resource/Land_of_China http://dbpedia.org/resource/Chung-kuo http://dbpedia.org/resource/中華 http://dbpedia.org/resource/People's_Republic_or_China http://dbpedia.org/resource/Zhongguó http://dbpedia.org/resource/The_Peoples_Republic_of_China http://dbpedia.org/resource/P.R._China http://dbpedia.org/resource/CHINA http://dbpedia.org/resource/People'_Republic_of_China http://dbpedia.org/resource/中華人民共和國 http://dbpedia.org/resource/Cihna http://dbpedia.org/resource/The_PRC http://dbpedia.org/resource/China_(Beijing) http://dbpedia.org/resource/People's_Republic_of_China http://dbpedia.org/resource/China http://dbpedia.org/resource/People'_s_Republic_of_China http://dbpedia.org/resource/Zhōngguó http://dbpedia.org/resource/Red_Chinese http://dbpedia.org/resource/Zhonghua_Renmin_Gonghe_Guo http://dbpedia.org/resource/People's_republic_of_China http://dbpedia.org/resource/China_(PRC) http://dbpedia.org/resource/P.R._of_China http://dbpedia.org/resource/Socialist_China http://dbpedia.org/resource/Peoples_republic_of_china http://dbpedia.org/resource/Sinic http://dbpedia.org/resource/The_People's_Republic_of_China"
2,27,"Minneapolis-St. Paul, Minnesota","http://dbpedia.org/resource/Saint_Paul,_Minnesota","http://dbpedia.org/resource/Suburbs_of_Minneapolis-Saint_Paul http://dbpedia.org/resource/Minneapolis-St._Paul-Bloomington,_MN-WI_Metropolitan_Statistical_Area http://dbpedia.org/resource/Minneapolis-St_Paul_metropolitan_area http://dbpedia.org/resource/Twin_Cities,_Minnesota http://dbpedia.org/resource/St._Paul_-_Minneapolis http://dbpedia.org/resource/Minneapolis-St._Paul_area http://dbpedia.org/resource/Minneapolis/Saint_Paul http://dbpedia.org/resource/Mpls/St._Paul http://dbpedia.org/resource/Saint_Paul-Minneapolis http://dbpedia.org/resource/Minneapolis–St._Paul–Bloomington,_MN–WI http://dbpedia.org/resource/Suburbs_of_Minneapolis–Saint_Paul http://dbpedia.org/resource/Minneapolis–Saint_Paul_metropolitan_area http://dbpedia.org/resource/Minneapolis-St._Paul-St._Cloud,_MN-WI_CSA http://dbpedia.org/resource/Cities_in_Minneapolis_Metro_area http://dbpedia.org/resource/Communities_in_the_Minneapolis_–_Saint_Paul_Metro_area http://dbpedia.org/resource/Twin_Cities,_MN http://dbpedia.org/resource/St._Paul-Minneapolis_metropolitan_area http://dbpedia.org/resource/Minneapolis-St._Paul,_MN http://dbpedia.org/resource/Communities_in_the_Minneapolis_/_St._Paul_Metro_area http://dbpedia.org/resource/Minneapolis–St_Paul http://dbpedia.org/resource/Minneapolis-St.Paul-Bloomington,_MN-WI_Metropolitan_Statistical_Area http://dbpedia.org/resource/Minneapolis/St._Paul,_Minnesota http://dbpedia.org/resource/Greater_Twin_Cities http://dbpedia.org/resource/St_Paul–Minneapolis http://dbpedia.org/resource/Minneapolis-St._Paul,_MN-WI_CSA http://dbpedia.org/resource/Twin_Cities http://dbpedia.org/resource/Minneapolis_Saint_Paul http://dbpedia.org/resource/Minneapolis_–_St._Paul http://dbpedia.org/resource/Twin_Cities_metropolitan_area http://dbpedia.org/resource/St._Paul/Minneapolis http://dbpedia.org/resource/Twin_Cities_(Minnesota) http://dbpedia.org/resource/St_Paul/Minneapolis http://dbpedia.org/resource/St_Paul-Minneapolis http://dbpedia.org/resource/Minneapolis-St.Paul http://dbpedia.org/resource/Minneapolis-St._Paul http://dbpedia.org/resource/Twin_Cities,_US http://dbpedia.org/resource/St_Paul_–_Minneapolis http://dbpedia.org/resource/Saint_Paul_-_Minneapolis http://dbpedia.org/resource/Minneapolis–St._Paul–Bloomington,_MN–WI_MSA http://dbpedia.org/resource/Minneapolis-Saint_Paul_Metroplex http://dbpedia.org/resource/Twin_Cities_Metropolitan_Area http://dbpedia.org/resource/Cities_in_the_Minneapolis_/_St._Paul_Metro_area http://dbpedia.org/resource/Minneapolis–Saint_Paul http://dbpedia.org/resource/Minneapolis_-_Saint_Paul http://dbpedia.org/resource/Minneapolis-St._Paul,_MN-WI_Combined_Statistical_Area http://dbpedia.org/resource/Minneapolis-Saint_Paul_metropolitan_area http://dbpedia.org/resource/Minneapolis_Metropolitan_Area http://dbpedia.org/resource/St._Paul–Minneapolis http://dbpedia.org/resource/Saint_Paul-Minneapolis_metropolitan_area http://dbpedia.org/resource/Communities_in_the_Minneapolis_-_Saint_Paul_Metro_area http://dbpedia.org/resource/Greater_Saint_Paul http://dbpedia.org/resource/Minneapolis_–_Saint_Paul http://dbpedia.org/resource/Cities_in_Minneapolis_/_St._Paul_Metro_area http://dbpedia.org/resource/Minneapolis_St._Paul http://dbpedia.org/resource/Minneapolis/St_Paul http://dbpedia.org/resource/Minneapolis-Saint_Paul http://dbpedia.org/resource/Greater_St._Paul http://dbpedia.org/resource/St_Paul_-_Minneapolis http://dbpedia.org/resource/Minneapolis-St._Paul-Bloomington,_MN-WI http://dbpedia.org/resource/Greater_Minneapolis http://dbpedia.org/resource/Suburbs_of_Minneapolis_and_Saint_Paul http://dbpedia.org/resource/St._Paul_–_Minneapolis http://dbpedia.org/resource/Minneapolis/St._Paul http://dbpedia.org/resource/Minneapolis-St._Paul,_Minnesota http://dbpedia.org/resource/Minneapolis-St._Paul,_USA http://dbpedia.org/resource/Minneapolis_-_St._Paul,_MN http://dbpedia.org/resource/The_Cities http://dbpedia.org/resource/Minneapolis_-_St._Paul http://dbpedia.org/resource/Suburbs_of_Minneapolis_–_Saint_Paul http://dbpedia.org/resource/Suburbs_of_Minneapolis_-_Saint_Paul http://dbpedia.org/resource/The_Twin_Cities,_Minnesota http://dbpedia.org/resource/Minneapolis–St._Paul–St._Cloud,_MN-WI_CSA http://dbpedia.org/resource/St_Paul-Minneapolis_metropolitan_area http://dbpedia.org/resource/Minneapolis_metropolitan_area http://dbpedia.org/resource/Minneapolis-St._Paul_metropolitan_area http://dbpedia.org/resource/Saint_Paul/Minneapolis http://dbpedia.org/resource/Saint_Paul_–_Minneapolis http://dbpedia.org/resource/Saint_Paul–Minneapolis http://dbpedia.org/resource/History_of_Minneapolis-Saint_Paul http://dbpedia.org/resource/Minneapolis–St._Paul http://dbpedia.org/resource/Minneapolis-St_Paul http://dbpedia.org/resource/Minneapolis/St._Paul,_MN http://dbpedia.org/resource/Communities_in_the_Minneapolis-Saint_Paul_Metro_area http://dbpedia.org/resource/Minneapolis_–_St._Paul,_MN http://dbpedia.org/resource/History_of_Minneapolis–Saint_Paul http://dbpedia.org/resource/Greater_St_Paul http://dbpedia.org/resource/St._Paul-Minneapolis http://dbpedia.org/resource/Minneapolis-St._Paul-Bloomington,_MN-WI_MSA"
2,32,Scotland,http://dbpedia.org/resource/Glasgow,"http://dbpedia.org/resource/Autonomous_Province_of_Scotland http://dbpedia.org/resource/Scottish_Nation http://dbpedia.org/resource/The_Scottish_Nation http://dbpedia.org/resource/Scottland http://dbpedia.org/resource/Scotchland http://dbpedia.org/resource/Scotia_minor http://dbpedia.org/resource/Maps_of_scotland http://dbpedia.org/resource/North_of_Great_Britain http://dbpedia.org/resource/Scotlander http://dbpedia.org/resource/Scotland,_UK http://dbpedia.org/resource/Scotland http://dbpedia.org/resource/North_Great_Britain http://dbpedia.org/resource/Northern_Great_Britain http://dbpedia.org/resource/Scotlanders http://dbpedia.org/resource/Auld_Country http://dbpedia.org/resource/H-Alba http://dbpedia.org/resource/Scottish_nation http://dbpedia.org/resource/SCOTLAND http://dbpedia.org/resource/United_Kingdom:_Scotland http://dbpedia.org/resource/East_coast_of_Scotland http://dbpedia.org/resource/Scotland's http://dbpedia.org/resource/Communications_in_Scotland http://dbpedia.org/resource/Scot_Land"
