F1: 0.55556,Precision: 0.55556,Recall: 0.55556,,
Col,Row,Value,Submitted URI,Correct URI's
1,2,"Memphis, Tennessee","http://dbpedia.org/resource/Memphis,_Tennessee_(song)","http://dbpedia.org/resource/Memphis_TN http://dbpedia.org/resource/Memphis,_Tennessee http://dbpedia.org/resource/Memfrica http://dbpedia.org/resource/Memphis,_tn http://dbpedia.org/resource/The_Blues_City http://dbpedia.org/resource/Port_of_Memphis,_Tennessee http://dbpedia.org/resource/Memphis,_Tennesse http://dbpedia.org/resource/Memphis,_United_States http://dbpedia.org/resource/UN/LOCODE:USMEM http://dbpedia.org/resource/TN_Memphis http://dbpedia.org/resource/Memphis,_TN http://dbpedia.org/resource/The_M http://dbpedia.org/resource/Memphis,_Tennessee,_USA http://dbpedia.org/resource/Memphis_(TN) http://dbpedia.org/resource/Memphis,_USA http://dbpedia.org/resource/Memphis http://dbpedia.org/resource/City_of_Memphis http://dbpedia.org/resource/Memphis_Tenn. http://dbpedia.org/resource/Memphis,_Tennesee http://dbpedia.org/resource/Memphis_Tennessee http://dbpedia.org/resource/Memphis,_Tenn. http://dbpedia.org/resource/Memphis,TN http://dbpedia.org/resource/Blues_City http://dbpedia.org/resource/Menphis http://dbpedia.org/resource/The_Bluff_City http://dbpedia.org/resource/The_River_City"
1,3,"Pittsburgh, Pennsylvania",http://dbpedia.org/resource/Pennsylvania,"http://dbpedia.org/resource/Pittsburgh,_Pennsylvania,_USA http://dbpedia.org/resource/Fort_du_Quesne http://dbpedia.org/resource/The_City_of_Bridges http://dbpedia.org/resource/East_End_(Pittsburgh) http://dbpedia.org/resource/Pittsburgh,_Pennsylvania,_U.S. http://dbpedia.org/resource/Pittsburgh,_United_States_of_America http://dbpedia.org/resource/Pittsburgh_Style http://dbpedia.org/resource/Pittsburg,_PA http://dbpedia.org/resource/Pittsburgh_Pennsyvania http://dbpedia.org/resource/Da_burgh http://dbpedia.org/resource/Smoky_City http://dbpedia.org/resource/City_of_Pittsburgh http://dbpedia.org/resource/UN/LOCODE:USPIT http://dbpedia.org/resource/Glenwood,_Pennsylvania http://dbpedia.org/resource/Pittsburgh,_Pennsylvania. http://dbpedia.org/resource/The_Burgh http://dbpedia.org/resource/Pittsburgh,_Pa. http://dbpedia.org/resource/Pittsburg,_Pennsylvania http://dbpedia.org/resource/Pittsburgh,_Pa http://dbpedia.org/resource/Pittsburgh,_Allegheny_County,_Pennsylvania http://dbpedia.org/resource/The_Pittsburgh_Style_of_Literature http://dbpedia.org/resource/Pittsburgh,_Pennsylvania,_U.S.A. http://dbpedia.org/resource/Pittsbrugh http://dbpedia.org/resource/Pittsburgh_(pgh) http://dbpedia.org/resource/The_Steel_City http://dbpedia.org/resource/Frick_International_Studies_Academy_Middle_School http://dbpedia.org/resource/Education_in_Pittsburgh http://dbpedia.org/resource/Education_in_pittsburgh http://dbpedia.org/resource/Pittsburgh http://dbpedia.org/resource/Pittsburgh_Frick_6-8_Middle_School http://dbpedia.org/resource/Pittsburgh,_PA http://dbpedia.org/resource/Pittsburgh,_PA. http://dbpedia.org/resource/Pittsburgh,_Pennsylvania,_US http://dbpedia.org/resource/St._Justin's_High_School http://dbpedia.org/resource/Pittsburgh_(Pa.) http://dbpedia.org/resource/Pittsburgh,_USA http://dbpedia.org/resource/Pittsburgh_(PA) http://dbpedia.org/resource/Pittsburgh,_Pennsylvania http://dbpedia.org/resource/Pitsburgh http://dbpedia.org/resource/Climate_of_Pittsburgh,_Pennsylvania http://dbpedia.org/resource/City_of_Bridges"
1,4,"Columbus, Ohio",http://dbpedia.org/resource/Ohio,"http://dbpedia.org/resource/Greenfield_Estates http://dbpedia.org/resource/Columbus,Ohio http://dbpedia.org/resource/Columbus_(Ohio) http://dbpedia.org/resource/Government_of_Columbus,_Ohio http://dbpedia.org/resource/Columbus,_OH http://dbpedia.org/resource/Greenfield_estates http://dbpedia.org/resource/Media_in_Columbus,_Ohio http://dbpedia.org/resource/Columbus_OH http://dbpedia.org/resource/Columbus,_ohio http://dbpedia.org/resource/Columbus,_oh http://dbpedia.org/resource/Columbus,_Oh http://dbpedia.org/resource/Columbus_(OH) http://dbpedia.org/resource/City_of_Columbus,_Ohio http://dbpedia.org/resource/Colombus,_Ohio http://dbpedia.org/resource/History_of_Columbus,_Ohio http://dbpedia.org/resource/Columbus_(Ohio,_United_States) http://dbpedia.org/resource/Columbus_oh http://dbpedia.org/resource/UN/LOCODE:USCMH http://dbpedia.org/resource/Columbus_Ohio http://dbpedia.org/resource/Marion_Township,_Franklin_County,_Ohio http://dbpedia.org/resource/Columbus_ohio http://dbpedia.org/resource/Ohio_Columbus http://dbpedia.org/resource/Colombus,_OH http://dbpedia.org/resource/Columbus,_Ohio http://dbpedia.org/resource/Capital_of_Ohio http://dbpedia.org/resource/Columbus_(AFL) http://dbpedia.org/resource/Montgomery_Township,_Franklin_County,_Ohio http://dbpedia.org/resource/Bustown"
1,5,"Austin, Texas",http://dbpedia.org/resource/Texas,"http://dbpedia.org/resource/Austin,_Texas http://dbpedia.org/resource/City_of_Austin http://dbpedia.org/resource/Austin,_Tex. http://dbpedia.org/resource/Austin,_Tx http://dbpedia.org/resource/Austin_(TX) http://dbpedia.org/resource/Live_music_capital_of_the_world http://dbpedia.org/resource/Austin_City_Connection http://dbpedia.org/resource/Austin,Texas http://dbpedia.org/resource/Silicon_Hills http://dbpedia.org/resource/Mueller,_austin,_texas http://dbpedia.org/resource/Paragon_Preparatory_Middle_School http://dbpedia.org/resource/Austin,_texas http://dbpedia.org/resource/Austin,_USA http://dbpedia.org/resource/Austin_Texas http://dbpedia.org/resource/Austin,_Travis_County,_Texas http://dbpedia.org/resource/Austin,_TX http://dbpedia.org/resource/Austin,_tx http://dbpedia.org/resource/Austin_TX http://dbpedia.org/resource/Austin,_Tx. http://dbpedia.org/resource/Paragon_prep http://dbpedia.org/resource/Autsin http://dbpedia.org/resource/Austin,_TX. http://dbpedia.org/resource/Austin http://dbpedia.org/resource/Avery_Ranch,_Austin,_Texas http://dbpedia.org/resource/San_Antonio_Parks_and_Recreation_Department http://dbpedia.org/resource/Austin_tx http://dbpedia.org/resource/Austin_(Texas) http://dbpedia.org/resource/Autsin,_Texas http://dbpedia.org/resource/UN/LOCODE:USAUS http://dbpedia.org/resource/Austin,_United_States http://dbpedia.org/resource/Austin_texas"
1,7,"Atlanta, Georgia",http://dbpedia.org/resource/Georgia_(U.S._state),"http://dbpedia.org/resource/Atlanta_,_Georgia http://dbpedia.org/resource/Hotlanta http://dbpedia.org/resource/The_city_in_a_forest http://dbpedia.org/resource/Atlanta,_GA http://dbpedia.org/resource/Atlanta,GA http://dbpedia.org/resource/City_of_Atlanta,_GA. http://dbpedia.org/resource/Population_of_atlanta http://dbpedia.org/resource/Atlanta_ga http://dbpedia.org/resource/Atlanta,_United_States http://dbpedia.org/resource/The_A-T-L http://dbpedia.org/resource/Terminus,_GA http://dbpedia.org/resource/Atlanta,_GA. http://dbpedia.org/resource/The_Big_Peach http://dbpedia.org/resource/UN/LOCODE:USATL http://dbpedia.org/resource/Atlanta_Georgia http://dbpedia.org/resource/Population_of_Atlanta http://dbpedia.org/resource/Atlanta_georgia http://dbpedia.org/resource/Atlanta,_Ga. http://dbpedia.org/resource/Atlanta http://dbpedia.org/resource/Atlanta,_ga http://dbpedia.org/resource/Culture_of_Atlanta http://dbpedia.org/resource/Atlanta,_USA http://dbpedia.org/resource/The_ATL http://dbpedia.org/resource/Atlanta,_Georgia_(U.S._state) http://dbpedia.org/resource/New_York_of_the_South http://dbpedia.org/resource/Atlanta,Ga http://dbpedia.org/resource/Culture_of_Atlanta,_Georgia http://dbpedia.org/resource/Atlanta_GA http://dbpedia.org/resource/City_of_Atlanta http://dbpedia.org/resource/Atlanta,_Georgia,_USA http://dbpedia.org/resource/Atlanta,_Ga http://dbpedia.org/resource/Atlanta_(Ga.) http://dbpedia.org/resource/City_in_a_forest http://dbpedia.org/resource/Atlantans http://dbpedia.org/resource/Atanta,_GA http://dbpedia.org/resource/Atlanta,_Georgia http://dbpedia.org/resource/Terminus,_Georgia http://dbpedia.org/resource/Atlanta,ga http://dbpedia.org/resource/Atlanta_(GA) http://dbpedia.org/resource/Marthasville,_GA"
1,8,"Boston, Massachusetts",http://dbpedia.org/resource/Massachusetts,"http://dbpedia.org/resource/Boston,_Massachusetts,_United_States_of_America http://dbpedia.org/resource/Boston_MA http://dbpedia.org/resource/Bawstun http://dbpedia.org/resource/Boston,_Massachessets http://dbpedia.org/resource/Boston,_Mass http://dbpedia.org/resource/Demographics_of_Boston http://dbpedia.org/resource/Politics_of_Boston http://dbpedia.org/resource/Puritan_City http://dbpedia.org/resource/Boston_(Mass.) http://dbpedia.org/resource/Boston_freeway_revolts http://dbpedia.org/resource/Wahstoronòn:ke http://dbpedia.org/resource/Boston,_ma http://dbpedia.org/resource/Boston,_Massachussetts http://dbpedia.org/resource/Education_in_Boston http://dbpedia.org/resource/Boston,_Massachusets http://dbpedia.org/resource/Boston,_United_States http://dbpedia.org/resource/Boston,_Mass. http://dbpedia.org/resource/Boston_ma http://dbpedia.org/resource/Boston,_Massachussets http://dbpedia.org/resource/Boston,_mass http://dbpedia.org/resource/Bonton_Soup http://dbpedia.org/resource/Bofton http://dbpedia.org/resource/The_weather_in_Boston http://dbpedia.org/resource/Boston,_Massachusettes http://dbpedia.org/resource/Boston,Massachusetts http://dbpedia.org/resource/Boston http://dbpedia.org/resource/Boston,_Massachusetts http://dbpedia.org/resource/Boston,MA http://dbpedia.org/resource/Geography_of_Boston http://dbpedia.org/resource/Boston,_Massachussettes http://dbpedia.org/resource/Boston,_Massachusetts,_United_States http://dbpedia.org/resource/City_of_Boston http://dbpedia.org/resource/Capital_of_Massachusetts http://dbpedia.org/resource/Massachusetts/Boston http://dbpedia.org/resource/Bosotn http://dbpedia.org/resource/Religion_in_Boston http://dbpedia.org/resource/Boston_Weather http://dbpedia.org/resource/The_Hub_of_the_Universe http://dbpedia.org/resource/UN/LOCODE:USBOS http://dbpedia.org/resource/Boston_(MA) http://dbpedia.org/resource/Boston_Mass http://dbpedia.org/resource/Boston_massachusetts http://dbpedia.org/resource/Boston,_Massachusetts,_USA http://dbpedia.org/resource/Boston,_US http://dbpedia.org/resource/Beantown http://dbpedia.org/resource/Boston_Massachusetts http://dbpedia.org/resource/Boston_mass http://dbpedia.org/resource/Boston,_MA http://dbpedia.org/resource/Boston,_Massachusetts,_US http://dbpedia.org/resource/Economy_of_Boston http://dbpedia.org/resource/Bean_Town http://dbpedia.org/resource/Lockwood's_Basin http://dbpedia.org/resource/Boston's http://dbpedia.org/resource/The_hub_of_the_universe http://dbpedia.org/resource/Boston,_USA"
1,11,"Portland, Oregon",http://dbpedia.org/resource/Oregon,"http://dbpedia.org/resource/Little_Beirut http://dbpedia.org/resource/Portlind,_Oregon http://dbpedia.org/resource/Culture_of_Portland,_Oregon http://dbpedia.org/resource/Portland_Oregon/Lore http://dbpedia.org/resource/Portland_or http://dbpedia.org/resource/Portland_(Or.) http://dbpedia.org/resource/Portlnad,_Oregon http://dbpedia.org/resource/UN/LOCODE:USPDX http://dbpedia.org/resource/Portland_(Oregon,_United_States) http://dbpedia.org/resource/Oregon_Portland http://dbpedia.org/resource/Portland,_OR http://dbpedia.org/resource/Portland,_Oreg. http://dbpedia.org/resource/PortlandOregon http://dbpedia.org/resource/Portland,OR http://dbpedia.org/resource/Portland_Oregon http://dbpedia.org/resource/Portland,_or http://dbpedia.org/resource/Portland,_Or http://dbpedia.org/resource/Portland,_Oregon http://dbpedia.org/resource/Portland,_Ore. http://dbpedia.org/resource/Portland_(Oregon) http://dbpedia.org/resource/Portland_(OR) http://dbpedia.org/resource/Portland_Ore"
1,17,North Carolina Triangle,http://dbpedia.org/resource/North_Carolina,"http://dbpedia.org/resource/Research_Triangle,_NC http://dbpedia.org/resource/Research_triangle http://dbpedia.org/resource/Raleigh–Durham,_North_Carolina http://dbpedia.org/resource/Raleigh,_NC_MSA http://dbpedia.org/resource/Raleigh-Durham-Chapel_Hill,_NC_CSA http://dbpedia.org/resource/Research_Triangle,_North_Carolina http://dbpedia.org/resource/Raleigh,_NC_Metropolitan_Statistical_Area http://dbpedia.org/resource/North_Carolina_Triangle http://dbpedia.org/resource/Raleigh-Cary,_NC_MSA http://dbpedia.org/resource/Raleigh_durham http://dbpedia.org/resource/Raleigh-Durham-Chapel_Hill,_NC_Combined_Statistical_Area http://dbpedia.org/resource/TheTriangle http://dbpedia.org/resource/The_Triangle,_North_Carolina http://dbpedia.org/resource/Raleigh–Cary_metropolitan_area http://dbpedia.org/resource/Raleigh-Durham-Cary,_NC_CSA http://dbpedia.org/resource/Durham,_NC_MSA http://dbpedia.org/resource/The_Research_Triangle http://dbpedia.org/resource/Triangle_(North_Carolina) http://dbpedia.org/resource/Raleigh–Durham http://dbpedia.org/resource/The_Triangle_(North_Carolina) http://dbpedia.org/resource/Raleigh-Durham,_NC http://dbpedia.org/resource/Raleigh-Durham,_North_Carolina http://dbpedia.org/resource/Map_of_the_Triangle http://dbpedia.org/resource/Raleigh/Durham http://dbpedia.org/resource/Research_Triangle http://dbpedia.org/resource/Raleigh-Durham http://dbpedia.org/resource/Raliegh-Durham,_North_Carolina http://dbpedia.org/resource/Raleigh,_North_Carolina_metropolitan_area http://dbpedia.org/resource/The_Research_Triangle_(North_Carolina) http://dbpedia.org/resource/Greater_Raleigh http://dbpedia.org/resource/Raleigh-Cary_metropolitan_area http://dbpedia.org/resource/Raleigh_metropolitan_area"
