v10_597_1,1,1,"McGehee, Arkansas","http://dbpedia.org/resource/McGehee,_Arkansas"
v10_597_1,1,2,"Florence, Alabama","http://dbpedia.org/resource/Florence,_Alabama"
v10_597_1,1,3,"Buffalo, New York","http://dbpedia.org/resource/Buffalo,_New_York"
v10_597_1,1,4,Illinois,http://dbpedia.org/resource/Chicago
v10_597_1,1,5,"Brantley, Alabama","http://dbpedia.org/resource/Brantley,_Alabama"
v10_597_1,1,6,"Corsicana, Texas","http://dbpedia.org/resource/Corsicana,_Texas"
v10_597_1,1,7,"Louisville, Kentucky","http://dbpedia.org/resource/Louisville,_Kentucky"
v10_597_1,1,8,"Louisville, Kentucky","http://dbpedia.org/resource/Louisville,_Kentucky"
v10_597_1,1,9,"Sarasota, Florida","http://dbpedia.org/resource/Sarasota,_Florida"
v10_597_1,1,10,"Poughkeepsie, New York","http://dbpedia.org/resource/Poughkeepsie,_New_York"
v10_597_1,1,11,"Durham, North Carolina","http://dbpedia.org/resource/Durham,_North_Carolina"
v10_597_1,1,12,Brooklyn,http://dbpedia.org/resource/Brooklyn
v10_597_1,1,13,"Chillicothe, Ohio","http://dbpedia.org/resource/Chillicothe,_Ohio"
v10_597_1,1,14,"Leavenworth, Kansas","http://dbpedia.org/resource/Leavenworth,_Kansas"
v10_597_1,1,15,"Kingston, Jamaica","http://dbpedia.org/resource/Kingston,_Jamaica"
v10_597_1,1,16,"Greensboro, North Carolina","http://dbpedia.org/resource/Greensboro,_North_Carolina"
v10_597_1,1,17,Indianapolis,http://dbpedia.org/resource/Indianapolis
v10_597_1,1,18,Chicago,http://dbpedia.org/resource/Chicago
v10_597_1,1,19,"Neenah, Wisconsin","http://dbpedia.org/resource/Neenah,_Wisconsin"
v10_597_1,1,20,Philadelphia,http://dbpedia.org/resource/Philadelphia
v10_597_1,1,21,"Dacoma, Oklahoma",http://dbpedia.org/resource/Oklahoma_City
v10_597_1,1,22,"Springfield, Ohio","http://dbpedia.org/resource/Springfield,_Ohio"
v10_597_1,1,23,"Wynnewood, Pennsylvania",http://dbpedia.org/resource/Episcopal_Diocese_of_Pennsylvania
v10_597_1,1,24,"Milan, Georgia","http://dbpedia.org/resource/Milan,_Georgia"
v10_597_1,1,25,"Owensboro, Kentucky","http://dbpedia.org/resource/Owensboro,_Kentucky"
v10_597_1,1,26,"Huntington Beach, California","http://dbpedia.org/resource/Huntington_Beach,_California"
v10_597_1,1,27,"Fort Worth, Texas","http://dbpedia.org/resource/Fort_Worth,_Texas"
v10_597_1,1,28,"Wilson's Mills, North Carolina","http://dbpedia.org/resource/Wilson,_North_Carolina"
v10_597_1,1,29,"Ogden, Utah","http://dbpedia.org/resource/Ogden,_Utah"
v10_597_1,1,30,New Orleans,http://dbpedia.org/resource/New_Orleans
v10_597_1,1,31,"Kansas City, Kansas","http://dbpedia.org/resource/Kansas_City,_Kansas"
v10_597_1,1,32,New York City,http://dbpedia.org/resource/New_York_City
v10_597_1,1,33,"Colfax, Indiana","http://dbpedia.org/resource/Colfax,_Iowa"
v10_597_1,1,34,Cincinnati,http://dbpedia.org/resource/Cincinnati
v10_597_1,1,35,Hamburg,http://dbpedia.org/resource/Hamburg
v10_597_1,1,36,"Huntsville, Alabama","http://dbpedia.org/resource/Huntsville,_Alabama"
v10_597_1,1,37,"Ithaca, New York","http://dbpedia.org/resource/Ithaca,_New_York"
v10_597_1,1,38,"Evansville, Indiana","http://dbpedia.org/resource/Evansville,_Indiana"
v10_597_1,1,39,"Bridgeport, Connecticut","http://dbpedia.org/resource/Bridgeport,_Connecticut"
v10_597_1,1,40,"Perry County, Alabama","http://dbpedia.org/resource/Perry_County,_Alabama"
v10_597_1,1,41,"Rochester, New York","http://dbpedia.org/resource/Rochester,_New_York"
v10_597_1,1,42,New Jersey,"http://dbpedia.org/resource/Newark,_New_Jersey"
v10_597_1,1,43,"Pineville, North Carolina",http://dbpedia.org/resource/North_Carolina
v10_597_1,1,44,New York City,http://dbpedia.org/resource/New_York_City
v10_597_1,1,45,"Washington, D.C.","http://dbpedia.org/resource/Washington,_D.C."
v10_597_1,1,46,"Fort Myers, Florida","http://dbpedia.org/resource/Fort_Myers,_Florida"
v10_597_1,1,47,"Toledo, Ohio","http://dbpedia.org/resource/Toledo,_Ohio"
v10_597_1,1,48,"Wilmington, Delaware","http://dbpedia.org/resource/Wilmington,_Delaware"
v10_597_1,1,49,"Millen, Georgia","http://dbpedia.org/resource/Millen,_Georgia"
v10_597_1,1,50,Atlanta,http://dbpedia.org/resource/Atlanta
v10_597_1,1,51,"Beaumont, Texas","http://dbpedia.org/resource/Beaumont,_Texas"
v10_597_1,1,52,"Brooklyn, New York",http://dbpedia.org/resource/New_York_City
v10_597_1,1,53,"New Bern, North Carolina","http://dbpedia.org/resource/New_Bern,_North_Carolina"
v10_597_1,1,54,"Millersville, Pennsylvania","http://dbpedia.org/resource/Millersville,_Pennsylvania"
v10_597_1,1,55,Madrid,http://dbpedia.org/resource/Madrid
v10_597_1,1,56,Fort Ord,"http://dbpedia.org/resource/Ord,_Nebraska"
v10_597_1,1,57,Chicago,http://dbpedia.org/resource/Chicago
v10_597_1,1,58,"Omaha, Nebraska","http://dbpedia.org/resource/Omaha,_Nebraska"
v10_597_1,1,59,"Harlan, Kentucky","http://dbpedia.org/resource/Harlan,_Kentucky"
v10_597_1,1,60,Liga ACB,http://dbpedia.org/resource/Liga_ACB
v10_597_1,1,61,"Pontiac, Michigan","http://dbpedia.org/resource/Pontiac,_Michigan"
v10_597_1,1,62,Philadelphia,http://dbpedia.org/resource/Philadelphia
v10_597_1,1,63,"Belle Mead, New Jersey","http://dbpedia.org/resource/Greenwich,_Connecticut"
v10_597_1,1,64,Detroit,http://dbpedia.org/resource/Detroit
v10_597_1,1,65,"Thomson, Georgia","http://dbpedia.org/resource/Thomson,_Georgia"
v10_597_1,1,66,"Homer, Louisiana",http://dbpedia.org/resource/Missouri
v10_597_1,1,67,Milwaukee,http://dbpedia.org/resource/Milwaukee
v10_597_1,1,68,Chicago,http://dbpedia.org/resource/Chicago
v10_597_1,1,69,Kiev,http://dbpedia.org/resource/Kiev
v10_597_1,1,70,"Springfield, Massachusetts","http://dbpedia.org/resource/Springfield,_Massachusetts"
v10_597_1,1,71,Brooklyn,http://dbpedia.org/resource/Brooklyn
v10_597_1,1,72,"Cleveland, Tennessee","http://dbpedia.org/resource/Cleveland,_Tennessee"
v10_597_1,1,73,"Memphis, Tennessee","http://dbpedia.org/resource/Memphis,_Tennessee"
v10_597_1,1,74,"Lexington, Kentucky","http://dbpedia.org/resource/Lexington,_Kentucky"
v10_597_1,1,75,"Daytona Beach, Florida","http://dbpedia.org/resource/Daytona_Beach,_Florida"
v10_597_1,1,76,"Lake Wales, Florida","http://dbpedia.org/resource/Lake_Wales,_Florida"
v10_597_1,1,77,"Nashville, Tennessee","http://dbpedia.org/resource/Nashville,_Tennessee"
v10_597_1,1,78,"Silver Spring, Maryland",http://dbpedia.org/resource/Maryland
v10_597_1,1,79,Detroit,http://dbpedia.org/resource/Detroit
v10_597_1,1,80,"Martinsburg, West Virginia","http://dbpedia.org/resource/Martinsburg,_West_Virginia"
v10_597_1,1,81,"Coushatta, Louisiana","http://dbpedia.org/resource/Coushatta,_Louisiana"
v10_597_1,1,82,"Santa Barbara, California","http://dbpedia.org/resource/Santa_Barbara,_California"
v10_597_1,1,83,"Gainesville, Florida","http://dbpedia.org/resource/Gainesville,_Florida"
v10_597_1,1,84,"Portsmouth, Virginia",http://dbpedia.org/resource/Portsmouth
v10_597_1,1,85,"Owingsville, Kentucky","http://dbpedia.org/resource/Owingsville,_Kentucky"
v10_597_1,1,86,"Fresno, California","http://dbpedia.org/resource/Fresno,_California"
v10_597_1,1,87,"Afton, Wyoming","http://dbpedia.org/resource/Afton,_Wyoming"
v10_597_1,1,88,New York City,http://dbpedia.org/resource/New_York_City
v10_597_1,1,89,"Forest City, North Carolina",http://dbpedia.org/resource/North_Carolina
v10_597_1,1,90,"Fayetteville, North Carolina","http://dbpedia.org/resource/Fayetteville,_North_Carolina"
v10_597_1,1,91,"Orlando, Florida","http://dbpedia.org/resource/Orlando,_Florida"
v10_597_1,1,92,"South Orange, New Jersey","http://dbpedia.org/resource/South_Orange,_New_Jersey"
v10_597_1,1,93,Munich,http://dbpedia.org/resource/Munich
v10_597_1,1,94,"Burnsville, Minnesota","http://dbpedia.org/resource/Burnsville,_Minnesota"
v10_597_1,1,95,"Gardena, California","http://dbpedia.org/resource/Gardena,_California"
v10_597_1,1,96,"New Britain, Connecticut","http://dbpedia.org/resource/New_Haven,_Connecticut"
v10_597_1,1,97,"Hoboken, New Jersey","http://dbpedia.org/resource/Hoboken,_New_Jersey"
v10_597_1,1,98,"Baton Rouge, Louisiana","http://dbpedia.org/resource/Baton_Rouge,_Louisiana"
v10_597_1,1,99,Mexico City,"http://dbpedia.org/resource/Santa_Fe,_New_Mexico"
v10_597_1,1,100,"Bakersfield, California","http://dbpedia.org/resource/Bakersfield,_California"
v10_597_1,1,101,Cincinnati,http://dbpedia.org/resource/Cincinnati
v10_597_1,1,102,"Columbia, South Carolina","http://dbpedia.org/resource/Columbia,_South_Carolina"
v10_597_1,1,103,"Chester, Pennsylvania",http://dbpedia.org/resource/Chester
v10_597_1,1,104,"Kansas City, Missouri","http://dbpedia.org/resource/Kansas_City,_Missouri"
v10_597_1,1,105,"Youngstown, Ohio","http://dbpedia.org/resource/Youngstown,_Ohio"
v10_597_1,1,106,"Visalia, California","http://dbpedia.org/resource/Visalia,_California"
v10_597_1,1,107,"Southfield, Michigan","http://dbpedia.org/resource/Southfield,_Michigan"
v10_597_1,1,108,"Sylmar, Los Angeles","http://dbpedia.org/resource/Los_Ángeles,_Chile"
v10_597_1,1,109,"Torrance, California","http://dbpedia.org/resource/Torrance,_California"
v10_597_1,1,110,"Columbia, Missouri","http://dbpedia.org/resource/Columbia,_Missouri"
v10_597_1,1,111,Toronto,http://dbpedia.org/resource/Toronto
v10_597_1,1,112,"Pasadena, California","http://dbpedia.org/resource/Pasadena,_California"
v10_597_1,1,113,"Washington, D.C.","http://dbpedia.org/resource/Washington,_D.C."
v10_597_1,1,114,"Clinton, Maryland","http://dbpedia.org/resource/Clinton,_Maryland"
v10_597_1,1,115,"Jacksonville, Florida","http://dbpedia.org/resource/Jacksonville,_Florida"
v10_597_1,1,116,"Morristown, New Jersey",http://dbpedia.org/resource/New_York_City
v10_597_1,1,117,Minneapolis,http://dbpedia.org/resource/Minneapolis
v10_597_1,1,118,Toronto,http://dbpedia.org/resource/Toronto
v10_597_1,1,119,Chicago,http://dbpedia.org/resource/Chicago
v10_597_1,1,120,"Long Island, New York",http://dbpedia.org/resource/Manhattan
v10_597_1,1,121,Saskatoon,http://dbpedia.org/resource/Saskatoon
v10_597_1,1,122,"Columbus, Ohio","http://dbpedia.org/resource/Columbus,_Ohio"
v10_597_1,1,123,Los Angeles,http://dbpedia.org/resource/Los_Angeles
v10_597_1,1,124,"Newberry, South Carolina","http://dbpedia.org/resource/Newberry,_South_Carolina"
v10_597_1,1,125,Miami,http://dbpedia.org/resource/Miami
v10_597_1,1,126,"Clarksville, Tennessee","http://dbpedia.org/resource/Clarksville,_Tennessee"
v10_597_1,1,127,"Tarboro, North Carolina","http://dbpedia.org/resource/Tarboro,_North_Carolina"
v10_597_1,1,128,San Antonio,http://dbpedia.org/resource/San_Antonio
v10_597_1,1,129,Los Angeles,http://dbpedia.org/resource/Los_Angeles
v10_597_1,1,130,"Winter Haven, Florida","http://dbpedia.org/resource/Winter_Haven,_Florida"
v10_597_1,1,131,"Ocala, Florida","http://dbpedia.org/resource/Ocala,_Florida"
v10_597_1,1,132,Atlanta,http://dbpedia.org/resource/Atlanta
v10_597_1,1,133,Salt Lake City,http://dbpedia.org/resource/Salt_Lake_City
v10_597_1,1,134,"Provo, Utah","http://dbpedia.org/resource/Provo,_Utah"
v10_597_1,1,135,"Clayton, Alabama","http://dbpedia.org/resource/Clayton,_Alabama"
v10_597_1,1,136,"Fond du Lac, Wisconsin","http://dbpedia.org/resource/Fond_du_Lac,_Wisconsin"
v10_597_1,1,137,"Springfield, Massachusetts","http://dbpedia.org/resource/Springfield,_Massachusetts"
v10_597_1,1,138,"Palo Alto, California","http://dbpedia.org/resource/Palo_Alto,_California"
v10_597_1,1,139,Los Angeles,http://dbpedia.org/resource/Los_Angeles
v10_597_1,1,140,"Rockville, Maryland","http://dbpedia.org/resource/Rockville,_Maryland"
v10_597_1,1,141,"Coatesville, Pennsylvania","http://dbpedia.org/resource/Coatesville,_Pennsylvania"
v10_597_1,1,142,"Opp, Alabama","http://dbpedia.org/resource/Opp,_Alabama"
v10_597_1,1,143,"Flint, Michigan","http://dbpedia.org/resource/Flint,_Michigan"
v10_597_1,1,144,New Orleans,http://dbpedia.org/resource/New_Orleans
v10_597_1,1,145,"Renton, Washington","http://dbpedia.org/resource/Renton,_Washington"
v10_597_1,1,146,New York City,http://dbpedia.org/resource/New_York_City
v10_597_1,1,147,"Charlotte, North Carolina","http://dbpedia.org/resource/Charlotte,_North_Carolina"
v10_597_1,1,148,"Watts, Los Angeles","http://dbpedia.org/resource/Los_Ángeles,_Chile"
v10_597_1,1,149,"Wauwatosa, Wisconsin","http://dbpedia.org/resource/Wauwatosa,_Wisconsin"
v10_597_1,1,150,New York City,http://dbpedia.org/resource/New_York_City
v10_597_1,1,151,Milwaukee,http://dbpedia.org/resource/Milwaukee
v10_597_1,1,152,"Sussex County, Virginia","http://dbpedia.org/resource/Sussex_County,_Virginia"
v10_597_1,1,153,"Somerville, Massachusetts","http://dbpedia.org/resource/Somerville,_Massachusetts"
v10_597_1,1,154,"Lexington, Kentucky","http://dbpedia.org/resource/Lexington,_Kentucky"
v10_597_1,1,155,Brooklyn,http://dbpedia.org/resource/Brooklyn
v10_597_1,1,156,"Waterbury, Connecticut","http://dbpedia.org/resource/Waterbury,_Connecticut"
v10_597_1,1,157,Detroit,http://dbpedia.org/resource/Detroit
v10_597_1,1,158,Chicago,http://dbpedia.org/resource/Chicago
v10_597_1,1,159,"Covington, Tennessee","http://dbpedia.org/resource/Covington,_Tennessee"
v10_597_1,1,160,"Teaneck, New Jersey","http://dbpedia.org/resource/Jersey_City,_New_Jersey"
v10_597_1,1,161,Chicago,http://dbpedia.org/resource/Chicago
v10_597_1,1,162,Dallas,http://dbpedia.org/resource/Dallas
v10_597_1,1,163,Chicago,http://dbpedia.org/resource/Chicago
v10_597_1,1,164,"Del City, Oklahoma",http://dbpedia.org/resource/Oklahoma_City
v10_597_1,1,165,"Memphis, Tennessee","http://dbpedia.org/resource/Memphis,_Tennessee"
v10_597_1,1,166,"Tampa, Florida","http://dbpedia.org/resource/Tampa,_Florida"
v10_597_1,1,167,"Tampa, Florida","http://dbpedia.org/resource/Tampa,_Florida"
v10_597_1,1,168,"Phoenix, Arizona","http://dbpedia.org/resource/Phoenix,_Arizona"
v10_597_1,1,169,"Jersey City, New Jersey","http://dbpedia.org/resource/Newark,_New_Jersey"
v10_597_1,1,170,"Owensboro, Kentucky","http://dbpedia.org/resource/Owensboro,_Kentucky"
v10_597_1,1,171,New York City,http://dbpedia.org/resource/New_York_City
v10_597_1,1,172,"Tampa, Florida","http://dbpedia.org/resource/Tampa,_Florida"
