v10_777_0,0,1,Franklin School,"http://dbpedia.org/resource/Franklin_School_(Lexington,_Massachusetts)"
v10_777_0,0,2,Franklin County Courthouse,http://dbpedia.org/resource/Franklin_County_Courthouse_(Pennsylvania)
v10_777_0,0,3,Frank Thomas House,http://dbpedia.org/resource/Frank_Thomas_House
v10_777_0,0,4,Frank Lloyd Wright Home and Studio,http://dbpedia.org/resource/Frank_Lloyd_Wright_Home_and_Studio
v10_777_0,0,5,Frank Lloyd Wright-Prairie School of Architecture Historic District,http://dbpedia.org/resource/Frank_Lloyd_Wright–Prairie_School_of_Architecture_Historic_District
v10_777_0,0,6,Frank Evans High School,http://dbpedia.org/resource/Frank_Evans_High_School
v10_777_0,0,7,Frank Chamberlain Clark House,http://dbpedia.org/resource/Frank_Chamberlain_Clark_House
v10_777_0,0,8,Frank C. Stettler House,http://dbpedia.org/resource/Frank_C._Stettler_House
v10_777_0,0,9,Francis R. Chown House,http://dbpedia.org/resource/Francis_R._Chown_House
v10_777_0,0,10,Francis Quadrangle,http://dbpedia.org/resource/Francis_Quadrangle
v10_777_0,0,11,Francis M. Drexel School,http://dbpedia.org/resource/Francis_M._Drexel_School
v10_777_0,0,12,"Fourth and Gill, Knoxville, Tennessee","http://dbpedia.org/resource/Fourth_and_Gill,_Knoxville"
v10_777_0,0,13,Foster-Buell Estate,http://dbpedia.org/resource/Foster-Buell_Estate
v10_777_0,0,14,Fort Wayne Old City Hall Building,http://dbpedia.org/resource/Fort_Wayne_Old_City_Hall_Building
v10_777_0,0,15,Fort Wayne,http://dbpedia.org/resource/Fort_Wayne_(Detroit)
v10_777_0,0,16,Fort Washington,http://dbpedia.org/resource/Fort_Washington_(Manhattan)
v10_777_0,0,17,Fort Warren,http://dbpedia.org/resource/Fort_Warren_(Massachusetts)
v10_777_0,0,18,Fort Union Trading Post National Historic Site,http://dbpedia.org/resource/Fort_Union_Trading_Post_National_Historic_Site
v10_777_0,0,19,Fort Tryon Park,http://dbpedia.org/resource/Fort_Tryon_Park
v10_777_0,0,20,Fort Ticonderoga,http://dbpedia.org/resource/Fort_Ticonderoga
v10_777_0,0,21,Fort Smith Masonic Temple,http://dbpedia.org/resource/Fort_Smith_Masonic_Temple
v10_777_0,0,22,Fort Pocahontas,http://dbpedia.org/resource/Fort_Pocahontas
v10_777_0,0,23,Fort Ord Station Veterinary Hospital,http://dbpedia.org/resource/Fort_Ord_Station_Veterinary_Hospital
v10_777_0,0,24,Fort Negley,http://dbpedia.org/resource/Fort_Negley
v10_777_0,0,25,Fort Loudoun,http://dbpedia.org/resource/Fort_Loudoun_(Tennessee)
v10_777_0,0,26,Fort Ligonier,http://dbpedia.org/resource/Fort_Ligonier
v10_777_0,0,27,Fort Knox,http://dbpedia.org/resource/United_States_Bullion_Depository
v10_777_0,0,28,Fort Harrison National Cemetery,http://dbpedia.org/resource/Fort_Harrison_National_Cemetery
v10_777_0,0,29,Fort Golgotha and the Old Burial Hill Cemetery,http://dbpedia.org/resource/Fort_Golgotha_and_the_Old_Burial_Hill_Cemetery
v10_777_0,0,30,Fort George Wright,http://dbpedia.org/resource/Fort_George_Wright
v10_777_0,0,31,Fort Dobbs,http://dbpedia.org/resource/Fort_Dobbs_(North_Carolina)
v10_777_0,0,32,Fort Delaware,http://dbpedia.org/resource/Fort_Delaware
v10_777_0,0,33,Fort Dearborn Hotel,http://dbpedia.org/resource/Fort_Dearborn_Hotel
v10_777_0,0,34,Fort Davis National Historic Site,http://dbpedia.org/resource/Fort_Raleigh_National_Historic_Site
v10_777_0,0,35,Fort Boise,http://dbpedia.org/resource/Fort_Boise
v10_777_0,0,36,Former Reidsville High School,http://dbpedia.org/resource/Former_Niagara_Falls_High_School
v10_777_0,0,37,Former Berwick High School,http://dbpedia.org/resource/Former_Berwick_High_School
v10_777_0,0,38,Forest Park Hotel,http://dbpedia.org/resource/Forest_Park_Hotel
v10_777_0,0,39,"Forest Hill, Ohio","http://dbpedia.org/resource/Forest_Hill,_Ohio"
v10_777_0,0,40,Forest City Baptist Church,http://dbpedia.org/resource/Forest_City_Baptist_Church
v10_777_0,0,41,Ford Valve Plant,http://dbpedia.org/resource/Ford_Valve_Plant
v10_777_0,0,42,Ford Motor Company Edgewater Assembly Plant,http://dbpedia.org/resource/Ford_Motor_Company_Edgewater_Assembly_Plant
v10_777_0,0,43,Ford City Armory,http://dbpedia.org/resource/Ford_City_Armory
v10_777_0,0,44,Ford Building,http://dbpedia.org/resource/Ford_Building_(Detroit)
v10_777_0,0,45,Fontainebleau Miami Beach,http://dbpedia.org/resource/Fontainebleau_Miami_Beach
v10_777_0,0,46,Florida Governor's Mansion,http://dbpedia.org/resource/Florida_Governor's_Mansion
v10_777_0,0,47,Flagg Township Public Library,http://dbpedia.org/resource/Flagg_Township_Public_Library
v10_777_0,0,48,Fisk University Carnegie Library,http://dbpedia.org/resource/Fisk_University_Carnegie_Library
v10_777_0,0,49,Fisher Hill Historic District,"http://dbpedia.org/resource/Federal_Hill_Historic_District_(Lynchburg,_Virginia)"
v10_777_0,0,50,Fisher Building,http://dbpedia.org/resource/Brooklyn_Academy_of_Music
v10_777_0,0,51,First Ward School,http://dbpedia.org/resource/First_Ward_School
v10_777_0,0,52,First Universalist Church,"http://dbpedia.org/resource/First_Universalist_Church_(Providence,_Rhode_Island)"
v10_777_0,0,53,First Unitarian Society in Newton,http://dbpedia.org/resource/First_Unitarian_Society_in_Newton
v10_777_0,0,54,First Unitarian Church,"http://dbpedia.org/resource/First_Unitarian_Church_(Milwaukee,_Wisconsin)"
v10_777_0,0,55,First Presbyterian Church of Oyster Bay,http://dbpedia.org/resource/First_Presbyterian_Church_of_Oyster_Bay
v10_777_0,0,56,First Presbyterian Church of Le Roy,http://dbpedia.org/resource/First_Presbyterian_Church_of_Le_Roy
v10_777_0,0,57,First Presbyterian Church of Far Rockaway,http://dbpedia.org/resource/First_Presbyterian_Church_of_Far_Rockaway
v10_777_0,0,58,First Presbyterian Church and Lewis Pintard House,http://dbpedia.org/resource/First_Presbyterian_Church_and_Lewis_Pintard_House
v10_777_0,0,59,First Presbyterian Church,"http://dbpedia.org/resource/First_Presbyterian_Church_(Portland,_Oregon)"
v10_777_0,0,60,First Presbyterian Church,"http://dbpedia.org/resource/First_Presbyterian_Church_(Portland,_Oregon)"
v10_777_0,0,61,First Presbyterian Church,"http://dbpedia.org/resource/First_Presbyterian_Church_(Portland,_Oregon)"
v10_777_0,0,62,First Presbyterian Church,"http://dbpedia.org/resource/First_Presbyterian_Church_(Portland,_Oregon)"
v10_777_0,0,63,"First Presbyterian Church, Leavenworth","http://dbpedia.org/resource/First_Presbyterian_Church,_Leavenworth"
v10_777_0,0,64,First National State Bank Building,http://dbpedia.org/resource/First_National_State_Bank_Building
v10_777_0,0,65,First National Bank of Hood River,http://dbpedia.org/resource/First_National_Bank_of_Hood_River
v10_777_0,0,66,First National Bank of Charleroi,http://dbpedia.org/resource/First_National_Bank_of_Charleroi
v10_777_0,0,67,First National Bank Building,"http://dbpedia.org/resource/First_National_Bank_Building_(Fort_Dodge,_Iowa)"
v10_777_0,0,68,"First Methodist Church, Gatlinburg","http://dbpedia.org/resource/First_Methodist_Church,_Gatlinburg"
v10_777_0,0,69,First Lutheran Church,"http://dbpedia.org/resource/First_Lutheran_Church_(Dayton,_Ohio)"
v10_777_0,0,70,First Houses,http://dbpedia.org/resource/First_Houses
v10_777_0,0,71,First Cumberland Presbyterian Church-McKenzie,http://dbpedia.org/resource/First_Cumberland_Presbyterian_Church-McKenzie
v10_777_0,0,72,First Congregational Church of Western Springs,http://dbpedia.org/resource/First_Congregational_Church_of_Western_Springs
v10_777_0,0,73,First Congregational Church of Cheshire,http://dbpedia.org/resource/First_Congregational_Church_of_Cheshire
v10_777_0,0,74,First Congregational Church of Austin,http://dbpedia.org/resource/First_Congregational_Church_of_Austin
v10_777_0,0,75,First Congregational Church,"http://dbpedia.org/resource/First_Congregational_Church_(Portland,_Oregon)"
v10_777_0,0,76,First Congregational Church,"http://dbpedia.org/resource/First_Congregational_Church_(Portland,_Oregon)"
v10_777_0,0,77,First Congregational Church,"http://dbpedia.org/resource/First_Congregational_Church_(Portland,_Oregon)"
v10_777_0,0,78,First Church of Jamaica Plain,http://dbpedia.org/resource/First_Church_of_Jamaica_Plain
v10_777_0,0,79,"First Church of Christ, Unitarian","http://dbpedia.org/resource/First_Church_of_Christ,_Unitarian"
v10_777_0,0,80,"First Church of Christ, Scientist","http://dbpedia.org/resource/First_Church_of_Christ,_Scientist_(Newton,_Massachusetts)"
v10_777_0,0,81,"First Church of Christ, Scientist","http://dbpedia.org/resource/First_Church_of_Christ,_Scientist_(Newton,_Massachusetts)"
v10_777_0,0,82,First Christian Church,"http://dbpedia.org/resource/First_Christian_Church_(Louisville,_Kentucky)"
v10_777_0,0,83,First Christian Church,"http://dbpedia.org/resource/First_Christian_Church_(Louisville,_Kentucky)"
v10_777_0,0,84,First Baptist Church of Vermillion,http://dbpedia.org/resource/First_Baptist_Church_of_Vermillion
v10_777_0,0,85,First Baptist Church of Ventura,http://dbpedia.org/resource/First_Baptist_Church_of_Ventura
v10_777_0,0,86,First Baptist Church Education Building,http://dbpedia.org/resource/First_Baptist_Church_Education_Building
v10_777_0,0,87,First Baptist Church,"http://dbpedia.org/resource/First_Baptist_Church_(Cambridge,_Massachusetts)"
v10_777_0,0,88,First Baptist Church,"http://dbpedia.org/resource/First_Baptist_Church_(Cambridge,_Massachusetts)"
v10_777_0,0,89,First Baptist Church,"http://dbpedia.org/resource/First_Baptist_Church_(Cambridge,_Massachusetts)"
v10_777_0,0,90,First Baptist Church,"http://dbpedia.org/resource/First_Baptist_Church_(Cambridge,_Massachusetts)"
v10_777_0,0,91,First Baptist Church,"http://dbpedia.org/resource/First_Baptist_Church_(Cambridge,_Massachusetts)"
v10_777_0,0,92,First African New Church,http://dbpedia.org/resource/First_African_New_Church
v10_777_0,0,93,Fifth Regiment Armory,http://dbpedia.org/resource/Kingsbridge_Armory
v10_777_0,0,94,Fields Corner Municipal Building,http://dbpedia.org/resource/Fields_Corner_Municipal_Building
v10_777_0,0,95,Fewell School,http://dbpedia.org/resource/Fewell_School
v10_777_0,0,96,Feurt Mounds and Village Site,http://dbpedia.org/resource/Moar_Mound_and_Village_Site
v10_777_0,0,97,Ferry Street–Thorofare Canal bridge,http://dbpedia.org/resource/Ferry_Street–Thorofare_Canal_bridge
v10_777_0,0,98,Fergus Falls Regional Treatment Center,http://dbpedia.org/resource/Fergus_Falls_Regional_Treatment_Center
v10_777_0,0,99,Fellwock Garage,http://dbpedia.org/resource/Fellwock_Garage
v10_777_0,0,100,Federal Hall,http://dbpedia.org/resource/Federal_Hall
v10_777_0,0,101,Federal Building and United States Courthouse,"http://dbpedia.org/resource/Federal_Building_and_United_States_Courthouse_(Albuquerque,_New_Mexico)"
v10_777_0,0,102,Federal Building and Post Office,http://dbpedia.org/resource/Federal_Building_and_Post_Office_(Brooklyn)
v10_777_0,0,103,Federal Building,http://dbpedia.org/resource/Henry_M._Jackson_Federal_Building
v10_777_0,0,104,Federal Building,http://dbpedia.org/resource/Henry_M._Jackson_Federal_Building
v10_777_0,0,105,"Federal Building, United States Post Office and Courthouse","http://dbpedia.org/resource/Federal_Building,_United_States_Post_Office_and_Courthouse_(Hilo,_Hawaii)"
v10_777_0,0,106,Farwell Mill,http://dbpedia.org/resource/Farwell_Mill
v10_777_0,0,107,Farmville Historic District,"http://dbpedia.org/resource/Farmville_Historic_District_(Farmville,_Virginia)"
v10_777_0,0,108,Farmington Historic District,"http://dbpedia.org/resource/Farmington_Historic_District_(Farmington,_Michigan)"
v10_777_0,0,109,"Falls Village, Connecticut","http://dbpedia.org/resource/Falls_Village,_Connecticut"
v10_777_0,0,110,Fallon City Hall,http://dbpedia.org/resource/Fallon_City_Hall
v10_777_0,0,111,Faith Mission,"http://dbpedia.org/resource/Faith_Mission_(Santa_Barbara,_California)"
v10_777_0,0,112,Fairmount Park,http://dbpedia.org/resource/Fairmount_Park
v10_777_0,0,113,Fairmount Boulevard District,http://dbpedia.org/resource/Fairmount_Boulevard_District
v10_777_0,0,114,Fairfield County Courthouse,"http://dbpedia.org/resource/Fairfield_County_Courthouse_(Bridgeport,_Connecticut)"
v10_777_0,0,115,Fairfield,"http://dbpedia.org/resource/Fairfield_railway_station,_Sydney"
v10_777_0,0,116,Fairbanks City Hall,http://dbpedia.org/resource/Radio_City_Music_Hall
v10_777_0,0,117,Fair Park Medical Careers Magnet High School,http://dbpedia.org/resource/Fair_Park_Medical_Careers_Magnet_High_School
v10_777_0,0,118,Exchange Street Historic District,http://dbpedia.org/resource/Exchange_Street_Historic_District
v10_777_0,0,119,Evergreen Museum & Library,http://dbpedia.org/resource/Evergreen_Museum_&_Library
v10_777_0,0,120,Evergreen Cemetery,"http://dbpedia.org/resource/Evergreen_Cemetery_(Menomonie,_Wisconsin)"
v10_777_0,0,121,Eustace Hall,http://dbpedia.org/resource/Eustace_Hall
v10_777_0,0,122,Eudora Plantation,http://dbpedia.org/resource/Eudora_Plantation
v10_777_0,0,123,Essex County Jail,http://dbpedia.org/resource/Essex_County_Jail
v10_777_0,0,124,Essex County Courthouse,http://dbpedia.org/resource/Essex_County_Courthouse
v10_777_0,0,125,Ernest W. Smith House,"http://dbpedia.org/resource/George_W._Smith_House_(Oak_Park,_Illinois)"
v10_777_0,0,126,Ernest Street Sewage Pumping Station,http://dbpedia.org/resource/Ernest_Street_Sewage_Pumping_Station
v10_777_0,0,127,Erie Armory,http://dbpedia.org/resource/Erie_Armory
v10_777_0,0,128,Equitable Trust Building,http://dbpedia.org/resource/Equitable_Trust_Building
v10_777_0,0,129,English Evangelical Church of the Reformation and Parish House,http://dbpedia.org/resource/English_Evangelical_Church_of_the_Reformation_and_Parish_House
v10_777_0,0,130,Engine House No. 3,"http://dbpedia.org/resource/Engine_House_No._3_(Fort_Wayne,_Indiana)"
v10_777_0,0,131,Emory Place Historic District,http://dbpedia.org/resource/Emory_Place_Historic_District
v10_777_0,0,132,Emmanuel Episcopal Church,"http://dbpedia.org/resource/Emmanuel_Church_(Newport,_Rhode_Island)"
